"ADM0_NAME","CSIRO68","GHM1","HFP4","LIA","ensb_thr3","Natural","Integ1km10","Area (ha)"
"Abyei",0.000705754614549403,0,0.156694016409846,0,0,0.942573536248954,0.999325633671808,993812.678247843
"Afghanistan",0.742549204221873,0.160900232523777,0.182173644793873,0.316461573092724,0.177070295182431,0.875759423981514,0.980323811368818,64183799.9373286
"Aksai Chin",0.999658103084471,0.998520710059172,0.892387768379961,0.997901472409523,0.99906915810522,0.999134063029554,0.99999491606422,3066553.721953
"Albania",0.123411998450662,0.00643437291234485,0.0239453482639622,0.210849429166367,0.00490481034733324,0.478225405958778,0.800572295874791,2868178.65612893
"Algeria",0.872370583703496,0.831646913227459,0.803514033694677,0.868496100608069,0.841387458529168,0.952653664205087,0.973923330734661,230874413.888935
"American Samoa",0.225859925404061,0.0693069306930693,NA,0.225165562913907,NA,0.364738805970149,0.992661259173426,19998.2907293389
"Andorra",0.417115792911971,0,0,0.633123689727463,0,0.980420949583945,1,47462.5981466359
"Angola",0.714971567526776,0.423966992236094,0.418079748592934,0.685357814652178,0.492505112071248,0.941277125335107,0.991343786690555,124667530.850012
"Anguilla",0.462773722627737,0,0,0.02,0,0.963609898107715,1,7870.14493414588
"Antigua and Barbuda",0.620257895720426,0.00233100233100233,0,0.0248618784530387,0,0.916096579476861,0.998439937597504,45244.9789686267
"Argentina",0.615264037972154,0.360940396058921,0.491750875543703,0.313205152931069,0.343665218307012,0.758867945240627,0.898026413360524,278014030.795616
"Armenia",0.12301049409707,0.000491176367399923,0.0258620689655172,0.155296610169492,0,0.380182566437546,0.920683176679517,2962357.8895327
"Aruba",0.317865429234339,0,0,0.0184049079754601,0,0.784203102961918,1,17976.1190676679
"Arunachal Pradesh",0.949830245019839,0.269725362541973,0.601093296597004,0.825879022646007,0.571862800607921,0.966139342749008,0.99764836770729,6796513.83563226
"Ashmore and Cartier Islands",NA,1,NA,NA,NA,NA,NA,68.8046579344092
"Australia",0.85196609750787,0.857314617046841,0.741538028199699,0.861412094627744,0.835670052803213,0.916604935694363,0.96055403043905,768763331.328822
"Austria",0.613805504035011,0.00616281291802026,0.000417123516232064,0.245682007459174,0.00355428751042712,0.739089773228888,0.875037692462802,8396426.67719726
"Azerbaijan",0.152866852680086,0.00161765219314069,0.00264076903143009,0.131332501941222,0.000164039924794004,0.377027607001893,0.717414918022813,16477029.8687182
"Azores Islands",0.837407230884456,0.13544792113159,0,0.293488372093023,0.0605095541401274,0.446256539779903,0.735527279994671,232283.776330702
"Bahamas",0.803291033536631,0.648693093301021,0.548465188341241,0.839036035011936,0.63333773609827,0.961169198395476,0.994488934814432,1190368.28449758
"Bahrain",0.442293644996348,0.013595166163142,0,0.0128410914927769,0.00350262697022767,0.684309511015583,0.814020523463623,67330.6394385309
"Baker Island",NA,1,NA,NA,NA,NA,NA,165.660272720406
"Bangladesh",0.105882067021262,0.00188277190729173,0,0.0594233614587915,2.45937925267662e-05,0.17778430366667,0.296820129675622,13982509.5320155
"Barbados",0.148583645109567,0,0,0.0123456790123457,0,0.10530205061888,0.602881024364218,43302.1301977657
"Bassas da India",NA,NA,NA,NA,NA,NA,NA,105.198733984057
"Belarus",0.399107456065158,0.00299839924169516,0.0492802333386453,0.289791973759994,0.0291763022772704,0.457846104266737,0.750765918068479,20758072.3748112
"Belgium",0.184456921724904,0,0,0.0578300584872182,0,0.376269875201042,0.654142701340371,3066906.39989669
"Belize",0.70971702630982,0.140909716803598,0.55458696554587,0.746176650510564,0.445210036114807,0.873099979956633,0.989942493055531,2176408.91103375
"Benin",0.0142383995182496,0,0.10064568408893,0.176901481449488,0.00611811064447555,0.579674030352777,0.835248599062945,11524722.4585678
"Bermuda",0.56993006993007,0,0,0,0,0.855813953488372,0.992462311557789,6319.67243699656
"Bhutan",0.9007251367061,0.27871192893401,0.060855306656793,0.74744557369009,0.24422568241935,0.960593407010348,0.999605508093248,3767388.02994031
"Bird Island",NA,NA,NA,NA,NA,NA,NA,4.69949678027252
"Bolivia",0.832174208758528,0.393163300536722,0.632566202403013,0.562942709374399,0.513197353811128,0.92550996551712,0.987742344019856,108446798.50217
"Bosnia and Herzegovina",0.479258016779553,3.91289887112868e-05,0,0.413602796763296,0,0.698240118360488,0.934892272805818,5114533.66763986
"Botswana",0.839162657877354,0.747136606340605,0.756889555353168,0.714963302436167,0.719727663624232,0.938976915507577,0.994640977081509,57825604.5683926
"Bouvet Island",NA,1,NA,NA,NA,NA,NA,4494.79452163974
"Brazil",0.636488843868397,0.415991634481099,0.557596342345883,0.440704664288476,0.421918675187984,0.74432863074392,0.94722496711307,848594508.570009
"British Indian Ocean Territory",0.576923076923077,0.604651162790698,NA,0,NA,0.462686567164179,0.568141592920354,4949.3338828505
"British Virgin Islands",0.518072289156627,0.00625,0,0.0731707317073171,0,0.830334190231362,0.999496475327291,15419.2718166146
"Brunei Darussalam",0.747059364691348,0.581379659301737,0.184815691579303,0.760685239660841,0.588480946580825,0.871096028421443,0.975263357134466,589893.426440497
"Bulgaria",0.318080398451614,0.00425428576568149,0.0167216266970969,0.309046161670284,0.0121346187107992,0.410508590600624,0.677615348202601,11130009.0609135
"Burkina Faso",0.0521183783824986,3.27645647591622e-05,0.0514440564527863,0.110849538659192,0.0122040811851007,0.278293840793098,0.565035784886352,27328036.8931642
"Burundi",0.0232685404756973,0.00043607532210109,0,0.0667760262462991,0,0.376789573727182,0.684741812041736,2685714.91500554
"Cambodia",0.382278002187399,0.124498348644223,0.309714122700665,0.431830673112514,0.235757005236665,0.545815597041297,0.706295700330797,18142387.0834107
"Cameroon",0.537364841763361,0.200401470632295,0.40545500148991,0.670466894336025,0.347175680850097,0.842334956169096,0.933873589796098,46536320.6025788
"Canada",0.918027964272031,0.896745027030548,0.930130887279816,0.873619082391415,0.888601139160573,0.932645914467025,0.959581511749192,987564919.895616
"Cape Verde",0.818349909496098,0.00127194098193844,0.0316765387586917,0.379474272930649,0.0311771561771562,0.927978460848104,0.997448049580751,405634.067508393
"Cayman Islands",0.755767456167333,0,0,0.194029850746269,0,0.778601694915254,0.989413447782546,26854.4100206787
"Central African Republic",0.743497741684502,0.478045416639938,0.737015949165343,0.796833633294213,0.643263501177785,0.978881497914474,0.996871356388485,61959092.509437
"Chad",0.610536722825367,0.547504081512225,0.575068898347311,0.572233671990678,0.542524533384645,0.811511493326817,0.915501631827084,126485290.466468
"Chile",0.733066352129214,0.577502285268194,0.617748256411378,0.737206276670416,0.59885858464496,0.926270636878672,0.996205161299527,75339235.3009321
"China",0.603147793160996,0.34538232160044,0.314742550844124,0.416630220504008,0.328768710406408,0.690427852750984,0.854024528932281,934519413.974396
"China/India",0.980282615839632,0.362224731789949,0.463172804532578,0.762635379061372,0.388185654008439,0.968541647103014,1,352636.341633158
"Christmas Island",0.831415420023015,0.222222222222222,0,0.747663551401869,0.15,0.457142857142857,0.999431171786121,13579.2087752454
"Clipperton Island",1,NA,NA,NA,NA,NA,NA,885.973764672631
"Cocos (Keeling) Islands",0.541666666666667,0.5,0,NA,NA,0,0.514285714285714,1577.08125378113
"Colombia",0.680210417506915,0.401103193662542,0.499084125838313,0.548553968567189,0.459895821308503,0.873765154463029,0.979263065234567,113793913.872707
"Comoros",0.575884404583956,0,0,0.396402398401066,0,0.870638427548377,0.985459290674372,165164.547609308
"Congo",0.696819873899959,0.381019449249614,0.761088236066569,0.87207304068881,0.666533931526366,0.898407267850722,0.992393553971231,34059922.5974533
"Cook Islands",0.573560767590618,0.0686695278969957,0.0810810810810811,0.440944881889764,0,0.57349537037037,0.998024366150807,24145.0051021038
"Costa Rica",0.520910613580835,0.0531044159488639,0.0447227191413238,0.314675093817895,0.0582643546210702,0.719620886849589,0.985069715417394,5104219.63975506
"Côte d'Ivoire",0.0417291594878228,0.0283729261051992,0.0341742835968379,0.317125354643612,0.0092789811314836,0.470954555222612,0.667011537301416,32176242.7667616
"Croatia",0.364503090592339,0.00542997629912625,0.0626785714285714,0.375051967536106,0.0455766524734563,0.549945502658251,0.823232572283314,5658929.35560447
"Cuba",0.381401746083155,0.0226830262145153,0.0306340250194885,0.148874097153378,0.0275806046070828,0.499161328676309,0.880203057041802,11086339.9743007
"Cyprus",0.0338483927577794,0.0127210004312204,0.0641221374045802,0.111714507370054,0.011808367071525,0.524404843343823,0.923174045737698,924931.25569836
"Czech Republic",0.326622491704851,0.0013207690940032,0.0223003949557421,0.145202536824877,0.011598103293605,0.452724509130281,0.738762853524195,7884515.57397551
"Dem People's Rep of Korea",0.481611231836278,0.000392461469277626,0.000746030054353618,0.459741294854126,0.000669226457868012,0.640676893266591,0.812696084913031,12246535.2105867
"Democratic Republic of the Congo",0.755915612363566,0.232035555248565,0.360955568714261,0.779795598919155,0.375829933500844,0.880145604707741,0.975734503767778,232916059.967223
"Denmark",0.0861648100359081,0.00143581667863181,0,0.116374695863747,7.46993351759169e-05,0.200827945467169,0.567783017696257,4445834.48039065
"Djibouti",0.978013970551284,0.000138536134841838,0.371705069124424,0.275993492911922,0.129984608926822,0.996850217964917,0.999832143456631,2166984.6143576
"Dominica",0.791462113127001,0,0,0.285919540229885,0,0.991019603548352,1,75089.786990048
"Dominican Republic",0.373392273203124,0.0203322949117342,0.00152547331466544,0.236395380634847,0.0150136100714529,0.649187473488671,0.930384060230623,4809853.92027603
"Ecuador",0.661262328715185,0.282994189995304,0.397157728757381,0.473513470900097,0.352219895587149,0.851920676929868,0.991336098776949,25624876.9038222
"Egypt",0.95658029567137,0.886105930432833,0.840276902561684,0.860192601907586,0.89323502141556,0.947466528314894,0.956029999257538,98216891.4679472
"El Salvador",0.177659112218995,0.00144913534924162,0.000242072137496974,0.0594331745174124,0,0.742623831606543,0.944799734495784,2073194.02535807
"Equatorial Guinea",0.385949410303269,0.227261024679098,0.185000921319329,0.812847390606931,0.179007747318236,0.894796471170104,0.99620189278046,2699999.38203604
"Eritrea",0.633265637354329,0.00413267364226852,0.174161671390234,0.261134124170907,0.122868067551024,0.791180236111558,0.978042567094992,12076388.2309719
"Estonia",0.624662482503274,0.213082009367251,0.322054436987323,0.544180148871721,0.281232077996559,0.720509155513963,0.970981426623907,4544126.17290111
"Ethiopia",0.485559774755859,0.0336489767756602,0.220405759749879,0.132913169857021,0.0564238521027007,0.755016767057792,0.947742557222651,112931361.325886
"Europa Island",1,0.72,NA,0,NA,0.954022988505747,1,2473.06390402679
"Falkland Islands (Malvinas)",0.981086754672803,0.912059676750932,0.776845018450184,0.989062202777249,0.966586393738712,0.99984449439473,1,1208407.02384358
"Faroe Islands",0.0238327126897737,0.129285714285714,0.0109546165884194,0.727111111111111,0.0123574144486692,0.979328165374677,1,139997.835144795
"Fiji",0.606163531348092,0.140046042534532,0.014287695935636,0.587961120900358,0.142508610792193,0.686548156706228,0.989861439675566,1829308.77500523
"Finland",0.950522313990144,0.364714687194526,0.588720160541528,0.698246591331105,0.541586365869327,0.902944231585268,0.986942498188532,33688979.2364305
"France",0.222315313816465,0.00563202290794272,0.0568515783779042,0.119274231116954,0.0152138583142498,0.456173715648134,0.703729480137315,54878490.1243244
"French Guiana",0.977299186178003,0.904876213679195,0.920676839979446,0.981737419580673,0.946280891812158,0.995899904994381,0.999598743345519,8329487.13334366
"French Polynesia",0.605346222134543,0.200913242009132,0.389824167601945,0.378737541528239,0,0.451214367504369,0.952280284060589,396731.226720529
"French Southern and Antarctic Territories",1,0.995221661799841,NA,1,NA,0.996048163894199,0.999333841905642,770048.676752853
"Gabon",0.76494988237475,0.706050937376102,0.791794137593248,0.925367044197842,0.78217211309786,0.948597863146151,0.995755739199022,26402238.7052248
"Gambia",0.0677904725305585,0.00390370852309694,0,0.023839890120671,9.86485153398441e-05,0.327313274871485,0.695707938577533,1120241.77588397
"Gaza Strip",0.00783119425712421,0,0,0.00593471810089021,0,0.083745963401507,0.275186368477103,36243.776843973
"Georgia",0.466627736445374,0.0222142549835078,0.0603359321256593,0.410620597698484,0.0456823298714504,0.628476068309884,0.927092691279662,6978514.91581909
"Germany",0.272505246154244,0.000615184091732656,0.000143269695369299,0.0716934768264658,0.000459880431087917,0.465480850804558,0.756149676099334,35722710.428335
"Ghana",0.0131066066552328,0.00100462892313953,0.00946794791796664,0.22189165205537,0,0.500925085979166,0.71136660075788,23884172.2875018
"Gibraltar",0,0,NA,0,NA,0.333333333333333,0.824324324324324,571.244194975392
"Glorioso Island",0,0.8,NA,NA,NA,NA,0.984126984126984,492.02984655193
"Greece",0.0578763391910972,0.011194906582787,0.0671281663865805,0.324664370563014,0.016947933071653,0.560066107421505,0.78968288110485,13254892.8751262
"Grenada",0.503681885125184,0,0,0.157534246575342,0,0.946197620279358,1,31830.6592340704
"Guadeloupe",0.440190689302914,0,0,0.218332272437938,0,0.624588364434687,0.877150659990897,169668.709812118
"Guam",0.0100436681222707,0,0.00389105058365759,0.201612903225806,0,0.915056776286683,0.999858156028369,54388.2960305382
"Guatemala",0.541139666596957,0.0143073603012076,0.186370022128972,0.312234455240699,0.115426376012695,0.71505078564978,0.971319405446519,10906029.8819352
"Guernsey",0.0319444444444444,0,0,0.0175438596491228,0,0.109567901234568,0.600194552529183,7947.77811443157
"Guinea",0.117714778328407,4.09054837891568e-06,0.129798035582064,0.318408287158929,0.00687369987584585,0.767779198798707,0.980524442379447,24302289.7141361
"Guinea-Bissau",0.309612658518831,0.00365341092790171,0.0687290860179778,0.181134103735555,0.0137792596624932,0.726484166486331,0.988570783925393,3074011.42236628
"Guyana",0.889762200526564,0.939370152761457,0.905807908541319,0.968239091950432,0.938680050045496,0.984059747872609,0.9987778211295,21172171.4006769
"Haiti",0.112219890481977,7.39180249103744e-05,7.52360531166535e-05,0.0125836073007596,0,0.791017983235819,0.980443315367274,2702152.82684025
"Hala'ib triangle",0.996869192156045,0.990566567465888,0.915601882985878,0.823420491527326,0.965709459459459,0.99859920215427,1,1780840.97098716
"Heard Island and McDonald Islands",NA,0.803713527851459,NA,1,NA,1,1,41229.4368539245
"Holy See",0,0,NA,0,NA,0,0,49.7547633890334
"Honduras",0.47799774100983,0.152590230519828,0.269153837911205,0.377094846160087,0.210485338451371,0.764354257015128,0.984085819995728,11212443.8379671
"Hong Kong",0.412787964268923,0,NA,0.0554938956714761,NA,0.558043341426131,0.898324502362881,108057.656908342
"Howland Island",NA,1,NA,NA,NA,NA,NA,188.430787002657
"Hungary",0.135602821143787,0.00185863563177402,0.00594118974204708,0.159049260438937,0.00313774366711492,0.26669252526072,0.506167480829334,9311866.47662901
"Iceland",0.993966300429796,0.911167962215881,0.731917421654537,0.988308194610503,0.926292308051669,0.999529888932928,1,10256587.2912186
"Ilemi triangle",0.799636759898293,0.0113600504891133,0.516209476309227,0.00281425891181989,0.0126023944549464,0.947634069400631,0.99937178341025,317854.746533806
"India",0.157399220468582,0.00537822122324425,0.0139148472615338,0.0587578530573312,0.00746205411126109,0.250351625891055,0.444920063041164,296111749.554781
"Indonesia",0.546117080831236,0.190670866528435,0.367038340939033,0.525327959730349,0.330860926286119,0.633151521947351,0.941543902080902,188862034.271905
"Iran  (Islamic Republic of)",0.751939866820965,0.0950038064943606,0.255245836408008,0.242339375089971,0.182510971948143,0.800498416352985,0.920576454348089,167731072.557736
"Iraq",0.766824863622746,0.333701654909596,0.3225441806079,0.461821075913638,0.363877760178888,0.776114651623504,0.890587213419985,43588052.9927818
"Ireland",0.0858851352738203,0.00672118615954884,0.0513410407990914,0.0645845469074398,0.00383490215694299,0.906995502824911,0.991911186905419,6980946.61491625
"Isle of Man",0.118172790466733,0,0,0.0598130841121495,0,0.842589885998246,0.985373781148429,57272.52932714
"Israel",0.558025575759423,0.106235000244894,0.00613941796384028,0.390922545633942,0.0965976920015917,0.650601397533315,0.914612948813869,2071997.68323993
"Italy",0.186730324120745,0.00786859283608706,0.0177991962513966,0.247194192230693,0.0132305274865059,0.413456268400183,0.643181186426718,30165126.4041883
"Jamaica",0.515674702977662,0,0,0.155166051660517,0,0.79828320070608,0.953941123946256,1096465.1219788
"Jammu and Kashmir",0.82493159189968,0.343954963714204,0.321964273265012,0.53585796535858,0.351706622588468,0.851852732732397,0.975359618991423,18603513.6741216
"Japan",0.7402803622744,0.00163963556474541,0.0519729149103962,0.447148655796833,0.0411889442984995,0.68747447339805,0.86400856777637,37365081.2180252
"Jarvis Island",0.666666666666667,1,NA,NA,NA,1,1,458.960086683764
"Jersey",0.0151734104046243,0,0,0.0102040816326531,0,0.0253164556962025,0.703536977491961,12001.1910282964
"Johnston Atoll",0,1,NA,NA,NA,1,1,285.462822907114
"Jordan",0.918540915245342,0.619641693078877,0.51353953274899,0.724964262800671,0.658715224176592,0.932502961046754,0.977565837686538,8906414.99627093
"Juan de Nova Island",0,0.857142857142857,NA,0,NA,NA,0.985714285714286,550.670259505645
"Kazakhstan",0.598433002278042,0.57157087959217,0.307815777003443,0.643279308258584,0.460813237410512,0.761520156347126,0.912048828775275,284118365.429678
"Kenya",0.536233594319196,0.166833507125478,0.367045662458507,0.129114749297503,0.159952795139648,0.744995800676625,0.891631098118624,58234172.9936745
"Kingman Reef",NA,NA,NA,NA,NA,NA,NA,32773.0812950167
"Kiribati",0.0828547990155866,0.641402714932127,0.964356435643564,0.0649350649350649,0.0714285714285714,0.160919540229885,0.401324936615687,102015.465296276
"Kuril islands",0.860842787682334,0.74247558301774,0.754935622317597,0.952587140073609,0.844623295327521,0.962376350849105,0.994880704911421,499607.556730132
"Kuwait",0.925380183664467,0.000229200091680037,0.0938730986000848,0.320144919201794,0.0807939783901906,0.955687599165307,0.984691590361339,1739860.35437002
"Kyrgyzstan",0.534742069659516,0.111056944300384,0.224419074455852,0.465623757695572,0.160698130277443,0.72725351337651,0.925655064591649,19918822.6435494
"Lao People's Democratic Republic",0.759805078868543,0.0466454392856525,0.209543299743543,0.633128925266842,0.182854825487084,0.812536411818854,0.940468482181109,23038031.2999986
"Latvia",0.542728685205349,0.00641834525089187,0.271224689897748,0.525011895321174,0.14366814322038,0.687974520416805,0.945726651793624,6456271.13159903
"Lebanon",0.00385656344161868,0.00835216665028987,0,0.045346062052506,0,0.377346362516357,0.771434890709132,1013559.58028429
"Lesotho",0.00434449595731083,0,0.000916380297823597,0.0226340823355749,0,0.746407554747773,0.896852672400456,3045342.19731834
"Liberia",0.575432920843549,0.15215208999555,0.387529246122948,0.413009771376838,0.281065798670881,0.459404318845556,0.85038121173048,9610255.56309244
"Libya",0.962579132697063,0.89191779474506,0.840729447781104,0.936882827460419,0.913938444768962,0.985961275969483,0.992966112491697,162113442.374408
"Liechtenstein",0.56278831368529,0,0,0.317567567567568,0,0.832041343669251,0.997439836149514,15094.5707125842
"Lithuania",0.32176343976618,0.000340267574046864,0.00843060959792477,0.265803263726061,0.00579609159725082,0.406942191925589,0.785794036870165,6494265.74838157
"Luxembourg",0.287179487179487,0,0,0.41264367816092,0,0.579366021607503,0.982201557733882,262069.746139572
"Ma'tan al-Sarra",1,0.986425339366516,1,0.879088206144698,1,0.998601344263569,1,199015.557252775
"Macau",0,0,NA,0,NA,0,0.511415525114155,1689.79427770855
"Madagascar",0.156246094812199,0.00563813429010764,0.117889608299537,0.35694543022494,0.0291073561573977,0.858923970825099,0.987747717673582,58883371.4019082
"Madeira Islands",0.687114080372507,0.0555555555555556,0,0.266030013642565,0.0421511627906977,0.723064233426126,0.962024096385542,80274.4606177143
"Malawi",0.107014364447527,0.135169809746328,0.11570119261389,0.184562103164192,0.10151114868435,0.341249666928764,0.581109303130085,11871566.6184301
"Malaysia",0.513061209999052,0.329375341357948,0.359389155695608,0.51096335724613,0.344873007921931,0.657900465927229,0.972755558431964,32977543.5555833
"Maldives",0.34136546184739,0.15,NA,0,NA,0.268292682926829,0.527932960893855,22322.0455393959
"Mali",0.653656592899851,0.577503264626401,0.64432169510654,0.553830468698934,0.585128919960941,0.788562951272752,0.891201539949084,125141510.9491
"Malta",0,0,NA,0.179775280898876,NA,0.146981627296588,0.649191572758452,31602.6254103929
"Marshall Islands",0.0132547864506627,0.146198830409357,NA,0.166666666666667,NA,0.451492537313433,0.760349854227405,26797.6692472948
"Martinique",0.312588904694168,0,0,0.130350194552529,0,0.752350633005109,0.983988253391134,110358.727381186
"Mauritania",0.907444695830506,0.844425579699661,0.862645066748195,0.805608123856779,0.834934422374615,0.976756152781994,0.996751512782462,103852188.992528
"Mauritius",0.128490497810278,0.00247892910262766,0,0.137161084529506,0,0.285440801099548,0.601403428045554,201373.041198778
"Mayotte",0.592924219261848,0,0,0.268072289156627,0,0.977333931777379,1,37830.2138963191
"Mexico",0.699370573823352,0.329844248438413,0.292138083662696,0.262963026041917,0.250643828947546,0.826124316280116,0.92736581793498,194952159.524859
"Micronesia (Federated States of)",0.0265964450296248,0.010958904109589,0,0.536121673003802,0,0.857085183689948,0.983547441965292,74006.1494193564
"Midway Island",0,1,NA,NA,NA,1,1,680.370001269389
"Moldova, Republic of",0.0466091228296978,8.88336146397797e-05,0,0.0442324371205551,0,0.0817462873667356,0.195537455546633,3379828.27960506
"Monaco",0,0,0,0.125,0,0.0917431192660551,0.675925925925926,843.360330983924
"Mongolia",0.793273713888199,0.833204725717959,0.589656892208141,0.640420696696565,0.668460890743977,0.933272768751038,0.998382475477802,156455221.854098
"Montenegro",0.349785617680067,0.0605659683939728,0.00443056362579895,0.484441143705904,0.0114460986010324,0.811157041469925,0.975521099562674,1377598.71679627
"Montserrat",0.497995188452285,0.11,0,NA,NA,0.886649874055416,1,10122.0959397521
"Morocco",0.385354972867041,0.277346770172722,0.154927778915539,0.367021250876387,0.218221820971892,0.76821712690782,0.902817304477479,41403212.5093785
"Mozambique",0.3328671619085,0.256686460883517,0.226043255924498,0.46244941136149,0.213285511372849,0.852407116595184,0.954054568251075,78730439.6049992
"Myanmar",0.571014828518029,0.0890562077903441,0.196461367262068,0.529003066530511,0.18933545099434,0.653711459606148,0.792662712855787,66708462.267254
"Namibia",0.962575096667099,0.869618941036241,0.776598250885249,0.60258148621517,0.803104124924118,0.964545831436278,0.99727516286129,82399254.8657427
"Nauru",0.209150326797386,0,NA,0,NA,NA,0.426573426573427,2168.70996731053
"Navassa Island",0,1,NA,1,NA,NA,0.933333333333333,466.451795179191
"Nepal",0.508339771253785,0.163513595717501,0.100202716399757,0.217824001120566,0.125503774365157,0.690977352628212,0.89772011152506,14743742.3297935
"Netherlands",0.0787805995859475,0.000142959256611866,0,0.100501912045889,0,0.477072426281586,0.776307860074038,3520283.11064005
"Netherlands Antilles",0.741517386722866,0.0128865979381443,0,0.241112828438949,0.00498338870431894,0.854247672911512,0.992080200501253,78962.8639585682
"New Caledonia",0.779241258574178,0.728881737731295,0.361760583123073,0.718560154431386,0.586525605998954,0.774045919285586,0.994068377844747,1857447.2062292
"New Zealand",0.604396537264996,0.225196627434324,0.376974260792375,0.305864311410387,0.246320855236515,0.96626233099273,0.996187782024127,27041471.1619124
"Nicaragua",0.282510358880141,0.0574276538032716,0.216307046657248,0.312595097210482,0.123182573253643,0.642404509077648,0.989368443467263,12837555.2389022
"Niger",0.797720047387752,0.700165508054221,0.776213133238612,0.679007069406037,0.716829724640993,0.914492109808365,0.985291242037552,118254068.088107
"Nigeria",0.0322862734280275,9.20933475712572e-05,0.00800211160724105,0.203559976397947,0.00316183611465025,0.346778221724755,0.623597586060937,90897781.1451714
"Niue",0.00121691512017037,0.24812030075188,0.171641791044776,0.741935483870968,0.048,0.735311932162326,1,26342.0586490333
"Norfolk Island",NA,0.0555555555555556,NA,NA,NA,0.138349514563107,0.504065040650406,3808.58021354432
"Northern Mariana Islands",0.0440831074977416,0.0515463917525773,0.0958904109589041,0.068452380952381,0,0.479695431472081,0.795686719636776,47579.3166476659
"Norway",0.969706965556476,0.402396742871917,0.570625222371607,0.849446151671306,0.607844559585492,0.94305389954649,0.990479600192325,32426328.6431181
"Oman",0.992061674967815,0.60029363837305,0.731541124615828,0.632770716794798,0.673280779295741,0.989195881211879,0.996081322437392,30833140.3826313
"Pakistan",0.597723315026733,0.0701188274611097,0.227398923622749,0.175465449977532,0.12393406070772,0.632706003584478,0.741543057503534,78842803.800237
"Palau",0.344331478994821,0.290748898678414,0.0320855614973262,0.605678233438486,0.0964630225080386,0.704998879175073,1,45085.628972065
"Palmyra Atoll",NA,1,NA,NA,NA,NA,1,235.042122193991
"Panama",0.41888458162361,0.156903793586239,0.331847556597255,0.473900309309392,0.213611269485892,0.680738942256941,0.958487420790021,7485011.43104703
"Papua New Guinea",0.98098155603496,0.412759064846446,0.505896083686349,0.806838929425457,0.576119567858958,0.874435013090263,0.993067863451197,46222964.6315344
"Paracel Islands",1,0.428571428571429,NA,NA,NA,0.208333333333333,0.116666666666667,805.416420352688
"Paraguay",0.652414930353471,0.323157476040497,0.450713071566365,0.263854194181352,0.329256789475808,0.766471407657089,0.983297835263138,39936624.8483199
"Peru",0.769860523166608,0.509268561290677,0.628535432047778,0.641712299652439,0.562453221932377,0.96134937799699,0.998991868103382,129064000.833908
"Philippines",0.324384725908325,0.0359156167198399,0.0158533674339301,0.248588890322176,0.0315989672428998,0.36198149709707,0.824070110906615,29603059.0574239
"Pitcairn",NA,0.446808510638298,1,0,NA,0.0962025316455696,0.0844370860927152,4895.32987339006
"Poland",0.275332163380164,0.000771791037576576,0.00584406405017092,0.137136001460558,0.00319696239388544,0.380869029593474,0.677339349590905,31196019.2829323
"Portugal",0.0885771461890644,0.0390407641446739,0.135525260625501,0.131388692498917,0.0196152872690458,0.448437173044117,0.85973294762591,8875010.1824583
"Puerto Rico",0.290110968058366,0.0102506963788301,0,0.0903033088235294,0.00509599431144821,0.728967196827825,0.943894902204499,893736.385068736
"Qatar",0.921339983823133,0.0979136005540646,0.319416542929513,0.425352853511002,0.274964589235127,0.933794749403341,0.979147312208848,1154891.38718504
"Republic of Korea",0.562761805836287,1.00918357049147e-05,0,0.167702249929981,0,0.51738147120972,0.815319230009425,9912404.85798975
"Réunion",0.294427564807033,0,0,0.543037974683544,0,0.612579821200511,0.850700754658863,250441.904078241
"Romania",0.311142255103399,0.00468727606875796,0.0289621577964362,0.159372914426114,0.0167448377203099,0.419252950991007,0.61422531471661,23811798.9172229
"Russian Federation",0.857967405494277,0.775987980999702,0.775084362698472,0.839220895098655,0.797159312114195,0.883138409110806,0.944296064624434,1699883774.7093
"Rwanda",0.0697383042112892,0.0384599664854702,0,0.0905742507952453,0.00557408893205523,0.256420234724884,0.488974336383431,2538848.34146335
"Saint Helena",0.777589493751324,0.482587064676617,NA,0.734513274336283,NA,0.830470290059138,1,39875.9687715833
"Saint Kitts and Nevis",0.479009362730293,0,0,0.0125523012552301,0,0.720857942182157,0.986482515427564,26245.4881890424
"Saint Lucia",0.551188182402055,0.00164473684210526,0,NA,NA,0.897680032184525,0.999743950838561,60280.0520638048
"Saint Pierre et Miquelon",0.991208791208791,0.759656652360515,NA,0.933774834437086,NA,0.992947813822285,1,23315.0007784788
"Saint Vincent and the Grenadines",0.295509595677287,0,0,0.328804347826087,0,0.871121718377088,0.999095513748191,42666.400204361
"Samoa",0.446579813725766,0.0832162921348315,NA,0.299167927382753,NA,0.341591206788541,0.988512302427896,283530.557979154
"San Marino",0,0,0,0.0172413793103448,0,0.0900900900900901,0.454428754813864,6004.37308664644
"Sao Tome and Principe",0.303437967115097,0,0,0.584801762114537,0,0.88793671720501,0.993464560802925,99088.9050509528
"Saudi Arabia",0.984854436619693,0.598853626648241,0.639283602369075,0.833253010800835,0.729836238166813,0.984054511476235,0.995120610622652,192549980.740727
"Scarborough Reef",0,NA,1,NA,NA,NA,NA,4430.97905314545
"Senegal",0.0445450538662441,0.000122167868832431,0.240088887986931,0.196169732221586,0.00160399861331733,0.668370106369518,0.846721587048385,19620040.4365148
"Senkaku Islands",0.0445450538662441,0.000122167868832431,0.240088887986931,0.196169732221586,0.00160399861331733,0.668370106369518,0.846721587048385,546.791468530953
"Serbia",0.279271925063591,0.00730496534099262,0,0.228313884583827,0.00478092195344591,0.412651405584193,0.673860762154323,8847794.76594409
"Seychelles",0.799938347718866,0.495614035087719,NA,0.429054054054054,NA,0.277703604806409,0.786718617652041,49929.8982250328
"Sierra Leone",0.0827349894030188,0.00643528958803146,0.134286542363057,0.237054948720087,0.0178213940726015,0.32371581645539,0.842760326827538,7228139.07746285
"Singapore",0.00914270571087849,0,0,0.0712945590994371,0,0.116676401869159,0.476907109496627,59400.7059878237
"Slovakia",0.467180385178055,0.00820810192747468,0.0220808612147532,0.355937070539249,0.0206092454224485,0.524232110151597,0.705537187338422,4907196.58404019
"Slovenia",0.639419039621345,0.0362400906002265,0.0804275019700552,0.306871511139653,0.080537575967192,0.702897275627539,0.940653068076891,2032049.22119724
"Solomon Islands",0.964398125280002,0.49779875321382,0.263942783230617,0.83461134249348,0.556671506937722,0.981664118721802,0.99985530551013,2826384.34456434
"Somalia",0.779824817617825,0.0488669600977685,0.265719066701056,0.0439762703705277,0.047697534129263,0.899645746569846,0.961449004134068,63256062.1413264
"South Africa",0.513336146740476,0.414824006205824,0.202116927242583,0.351779382797111,0.330502138817083,0.853393448287463,0.97094139562449,122012722.081932
"South Georgia and the South Sandwich Islands",NA,0.958153347732181,NA,1,NA,1,1,387033.456844895
"South Sudan",0.145689636384429,0.0874504135752404,0.181091791372059,0.277647483312286,0.0658731302966018,0.945678896064954,0.995483440811359,62982101.6879644
"Spain",0.121915988356581,0.0126259829438476,0.172722732839494,0.157140264562821,0.0276531477070522,0.451744832590648,0.715488787801108,50575171.463692
"Spratly Islands",NA,1,NA,NA,NA,NA,1,148.069969345687
"Sri Lanka",0.258613296576898,0.0454415115980743,0,0.335415181477234,0.0387830420793641,0.485865255692969,0.766628477122987,6617277.37678583
"Sudan",0.615581656719176,0.411463192356864,0.460481498224645,0.397628625644392,0.423799852479359,0.79284940014751,0.910771294997772,184305329.525649
"Suriname",0.973711981212935,0.932594956338349,0.951883807288127,0.972771156511866,0.962060571346746,0.992454554675748,0.999646522161941,14510030.8749265
"Svalbard and Jan Mayen Islands",0.999946057094712,0.940466414846444,0.999693752552062,0.966231613838823,0.96777845510755,1,1,6346443.04598816
"Swaziland",0.0376582887150378,0,0,0.0420138888888889,0,0.630608054798451,0.885578292649167,1728953.05371163
"Sweden",0.904276668879116,0.486113726877265,0.479160779564467,0.665595714229698,0.525133263336429,0.900762658391775,0.973205702672064,44920761.004398
"Switzerland",0.620052611887495,0.0324593329867043,0.0495224705483105,0.280558699454676,0.0415770237694082,0.795477772100153,0.949011603086025,4125730.18376176
"Syrian Arab Republic",0.616354250148745,0.0768587959143482,0.00978109236342805,0.00478537895821873,0.000379729910415831,0.690835158323029,0.83228676236728,18813875.5164283
"Taiwan",0.584914933103988,0.139395446507515,0,0.472293650569386,0.136221145625534,0.629855113398149,0.779302678552342,3612735.43266509
"Tajikistan",0.643337057146892,0.378296239230459,0.438129324407943,0.587560846194662,0.404411651323804,0.755946013949656,0.916075359132847,14200374.1758982
"Thailand",0.337867477311762,0.0031162615720541,0.042292476348265,0.274959456670238,0.0373907714206635,0.303621021434016,0.520274240323351,51541663.5339882
"The former Yugoslav Republic of Macedonia",0.230998958932206,0.000199537073988347,0.0758623399072837,0.261261984034658,0.0275118654975465,0.593682855463758,0.836120783325925,2542385.60433336
"Timor-Leste",0.242479204453061,0.000400641025641026,0.00305914343983685,0.101261506989431,0.000963059778496251,0.151770283340468,0.90196819414822,1489232.14933742
"Togo",0.00702205223211618,0,0,0.149817338766334,0,0.495399040320692,0.792698302830426,5676662.11637614
"Tokelau",NA,0,NA,NA,NA,NA,0,1496.11462363301
"Tonga",0.00180614087898856,0,NA,0.21826280623608,NA,0.422066549912434,0.996071388483556,69980.6071060569
"Trinidad and Tobago",0.574438117162416,0,0.0264769808338273,0.40616811126789,0.0249488752556237,0.741925999288157,0.943702261494683,514364.828061999
"Tromelin Island",0,1,NA,NA,NA,NA,1,88.7872064702258
"Tunisia",0.482475564371625,0.303139700251614,0.315281126964527,0.429116149212833,0.336194517183348,0.691341813335895,0.794653369208822,15517075.3118223
"Turkey",0.12981359141171,0.00413028284104548,0.00928604400677027,0.114161881733395,0.000536812332246146,0.422415690820062,0.730793030867333,78122929.9588911
"Turkmenistan",0.840871252397499,0.00449828911226072,0.26442625762662,0.0312020163354136,0.00548480360134274,0.899046851143687,0.936818609510749,55505283.4465184
"Turks and Caicos islands",0.85868544600939,0.0861423220973783,0,0.310924369747899,0,0.907515576323987,0.999854163628409,52952.6015833501
"Tuvalu",0.292993630573248,0.470588235294118,NA,0,NA,0.0185185185185185,0.533487297921478,4751.91108759177
"U.K. of Great Britain and Northern Ireland",0.154319531979364,0.0579751259122212,0.0590523806370439,0.178396479789193,0.0476858045296599,0.638109213864396,0.825093495739574,24430823.0914791
"Uganda",0.141807034894472,0.0135041302526039,0.0695232214739402,0.176410416281041,0.025203515809344,0.417409835148511,0.6538731050649,24149518.2100587
"Ukraine",0.130407633877261,0.000707818095817285,0.00756836346927208,0.121372419366689,0.00240556564322659,0.185779596534416,0.329494845004445,60052545.7340019
"United Arab Emirates",0.974308841870385,8.39231264162028e-05,0.172428908779819,0.623865312606377,0.169906919814409,0.927451823775234,0.969481699646919,7119183.33153094
"United Republic of Tanzania",0.250232317357042,0.171105470845361,0.134858140354607,0.383732429906331,0.134603287989726,0.696919656710964,0.852886533521316,93958865.2178088
"United States of America",0.577494598443894,0.465826825489861,0.541168379212451,0.446628929406492,0.419992301740575,0.777136341729521,0.901728565768183,931594021.759891
"United States Virgin Islands",0.498793436293436,0,0,0.0371747211895911,0,0.606623586429725,0.960715073935114,35234.2266103972
"Uruguay",0.215578028556283,0.00796959850946354,0.0292658284687921,0.00710686209577562,0.000562804973571375,0.794247530013013,0.986003836235804,17781140.1723882
"Uzbekistan",0.712738727181177,0.00325860120498913,0.389310392989118,0.0819696296229102,0.00636654241967566,0.77795263972348,0.846977881457115,44954204.3954899
"Vanuatu",0.955724435284866,0.283554182586782,0.186803308162531,0.728685735307643,0.342706333973129,0.945599852762126,0.999811022431637,1223596.77719149
"Venezuela",0.752852507039194,0.448726446462984,0.566964368809049,0.602956142315205,0.507939464441661,0.839718095919713,0.965676096504161,91202506.0526498
"Viet Nam",0.405642846917192,0.000158410050508435,0.068280179968007,0.298990464635152,0.0528808974411156,0.494979817701894,0.745068122612928,32757546.7106579
"Wake Island",0,0.111111111111111,NA,1,NA,1,1,731.506434638618
"Wallis and Futuna",0.299810246679317,0,NA,0.19047619047619,NA,0.332236842105263,0.999444444444444,14158.3569589453
"West Bank",0,0,0,0,0,0.309055118110236,0.876106194690266,7976.43477565964
"West Bank",0.161958177537737,0,0.0224137931034483,0.0430988423864648,0,0.477498377452808,0.930974470009456,578232.945837937
"Western Sahara",0.991784191146759,0.991357063403782,0.907226432162294,0.97322191272052,0.985755324565283,0.999663945651761,0.999980466539469,26861665.3920303
"Yemen",0.954194085255008,0.454632198909813,0.488656912526943,0.542792104922009,0.482734414541294,0.952137372704419,0.982907060540156,45357186.318984
"Zambia",0.61779364466623,0.117115823764762,0.315052757260696,0.552151929455546,0.258737587558536,0.826568074528272,0.974464836360076,75106620.7565899
"Zimbabwe",0.175886351221056,0.0443433973194032,0.0426845224351574,0.124563058743465,0.0189779137461436,0.62133278196251,0.822221670931999,39064837.820263
