country,kcal_production,kcal_import,kcal_stocks,kcal_total,fv_production,fv_imports,fv_stocks,fv_total,protein_production,protein_import,protein_stocks,protein_total,fat_production,fat_imports,fat_stocks,fat_total,ISO,incgrp,wb_region,disp_area,UN_status_detail,UNmemberstate,UN_status,territoryof,ISO_governing,UN_contregion_code,UN_continental_region,UN_subregion_code,UN_subregion,UN_intermedregion_code,UN_intermediary_region,m49_code,fsci_regions,dsfiyearrange,year
Afghanistan,.1230366751551628,.2808204889297485,.1858867108821869,.5897438526153564,.2312593758106232,.1898072361946106,.0350174903869629,.4560841023921967,.1540767103433609,.2409054040908813,.1464769244194031,.5414590239524841,.1677520573139191,.3218746185302734,.1786247044801712,.6682513952255249,AFG,Low income,South Asia,NO,Member State,1,"Territory, region, or administrated by a state",Member State,,142,Asia,034,Southern Asia,,,004,Southern Asia,2016-2018,2018
Albania,.3043888807296753,.2724403440952301,.1116798520088196,.6885090470314026,.341349720954895,.068004883825779,.0020860254298896,.4114406406879425,.3215600252151489,.2113703340291977,.0816482678055763,.6145786643028259,.2765654325485229,.2812976241111755,.0952075198292732,.6530705690383911,ALB,Upper middle income,Europe & Central Asia,NO,Member State,1,"Territory, region, or administrated by a state",Member State,,150,Europe,039,Southern Europe,,,008,Northern America and Europe,2016-2018,2018
Algeria,.1365519165992737,.4446794986724854,.1309063732624054,.7121378183364868,.3084028959274292,.0404484160244465,.0529921166598797,.4018434286117554,.1679191291332245,.3689345121383667,.1206920817494392,.6575457453727722,.1492571979761124,.4982388913631439,.1093833968043327,.7568795084953308,DZA,Lower middle income,Middle East & North Africa,NO,Member State,1,"Territory, region, or administrated by a state",Member State,,002,Africa,015,Northern Africa,,,012,Northern Africa & Western Asia,2016-2018,2018
Antigua and Barbuda,.0143771711736917,.6542280912399292,.1640201508998871,.8326254487037659,.0605595707893372,.4336278438568115,.0879888758063316,.5821762681007385,.0353838540613651,.6324268579483032,.0943785309791565,.7621892094612122,.0062789595685899,.5447021722793579,.1421355903148651,.6931167244911194,ATG,High income,Latin America & Caribbean,NO,Member State,1,"Territory, region, or administrated by a state",Member State,,019,Americas,419,Latin America and the Caribbean,029,Caribbean,028,Latin America & Caribbean,2016-2018,2018
Argentina,.3759550452232361,.0223917700350285,.1772209256887436,.5755677223205566,.4315331876277924,.0787041038274765,.0169097371399403,.5271469950675964,.2386417388916016,.0285888463258743,.1762547194957733,.443485289812088,.3088611364364624,.0251514203846455,.1825621575117111,.5165747404098511,ARG,Upper middle income,Latin America & Caribbean,NO,Member State,1,"Territory, region, or administrated by a state",Member State,,019,Americas,419,Latin America and the Caribbean,005,South America,032,Latin America & Caribbean,2016-2018,2018
Armenia,.2434575706720352,.3322453498840332,.116435669362545,.6921386122703552,.3025681376457214,.0748232454061508,.0115851666778326,.3889765739440918,.3003323376178741,.2402994334697723,.0902411565184593,.630872905254364,.2044662535190582,.4211700260639191,.0722323656082153,.6978686451911926,ARM,Upper middle income,Europe & Central Asia,NO,Member State,1,"Territory, region, or administrated by a state",Member State,,142,Asia,145,Western Asia,,,051,Northern Africa & Western Asia,2016-2018,2018
Australia,.4392449855804443,.0713546127080917,.1509648859500885,.6615644693374634,.3473280966281891,.1842421889305115,.0434003099799156,.5749706029891968,.4101215898990631,.0471179448068142,.1505681574344635,.6078076958656311,.4231970906257629,.1682626307010651,.1549840420484543,.7464437484741211,AUS,High income,East Asia & Pacific,NO,Member State,1,"Territory, region, or administrated by a state",Member State,,009,Oceania,053,Australia and New Zealand,,,036,Oceania,2016-2018,2018
Austria,.2601708769798279,.3977267742156982,.1966781616210938,.8545758128166199,.1431990414857864,.5758681297302246,.0571118593215942,.7761789560317993,.2818402647972107,.3535566926002502,.1559164226055145,.7913133502006531,.2418351173400879,.5456862449645996,.1228173896670341,.9103386998176575,AUT,High income,Europe & Central Asia,NO,Member State,1,"Territory, region, or administrated by a state",Member State,,150,Europe,155,Western Europe,,,040,Northern America and Europe,2016-2018,2018
Azerbaijan,.2509577870368958,.2431173026561737,.1487885862588882,.6428636908531189,.3553675413131714,.0634842440485954,.0310241766273975,.4498759806156158,.2865990400314331,.1844833493232727,.0809268802404404,.5520092844963074,.2599909901618958,.2492654919624329,.1496637165546417,.6589201688766479,AZE,Upper middle income,Europe & Central Asia,NO,Member State,1,"Territory, region, or administrated by a state",Member State,,142,Asia,145,Western Asia,,,031,Northern Africa & Western Asia,2016-2018,2018
Bahamas,.0582475587725639,.6182503700256348,.1129808947443962,.7894788384437561,.2240712642669678,.2571504414081573,.0539293140172958,.5351510047912598,.0747678056359291,.6025125980377197,.0497946515679359,.7270750403404236,.0301907733082771,.5858686566352844,.0852172747254372,.7012767195701599,BHS,High income,Latin America & Caribbean,NO,Member State,1,"Territory, region, or administrated by a state",Member State,,019,Americas,419,Latin America and the Caribbean,029,Caribbean,044,Latin America & Caribbean,2016-2018,2018
Bangladesh,.1585313975811005,.2366849035024643,.1334116756916046,.5286279916763306,.2891343832015991,.081218346953392,.0151075012981892,.38546022772789,.2215594202280045,.2249583303928375,.1169989332556725,.5635166764259338,.176324263215065,.3530658483505249,.10271155834198,.6321016550064087,BGD,Lower middle income,South Asia,NO,Member State,1,"Territory, region, or administrated by a state",Member State,,142,Asia,034,Southern Asia,,,050,Southern Asia,2016-2018,2018
Barbados,.1005503982305527,.5428623557090759,.1487397402524948,.792152464389801,.0823012143373489,.5566477179527283,.0317364931106567,.6706854104995728,.0723963528871536,.5536338090896606,.1195566430687904,.7455867528915405,.135973796248436,.4739041030406952,.1235623881220818,.7334402799606323,BRB,High income,Latin America & Caribbean,NO,Member State,1,"Territory, region, or administrated by a state",Member State,,019,Americas,419,Latin America and the Caribbean,029,Caribbean,052,Latin America & Caribbean,2016-2018,2018
Belarus,.4020734429359436,.1368280947208405,.1910033375024796,.7299048900604248,.2078181952238083,.3745700120925903,.0601043924689293,.6424925923347473,.3595462441444397,.1043543815612793,.1841028779745102,.6480034589767456,.3048068881034851,.1661101281642914,.1928708702325821,.6637879014015198,BLR,Upper middle income,Europe & Central Asia,NO,Member State,1,"Territory, region, or administrated by a state",Member State,,150,Europe,151,Eastern Europe,,,112,Northern America and Europe,2016-2018,2018
Belgium,.1805239170789719,.6724745035171509,.1085968464612961,.9615952968597412,.0801841765642166,.5635480880737305,.0614080689847469,.7051402926445007,.1381000280380249,.6259719133377075,.0711704865098,.8352423906326294,.1526239663362503,.6082414388656616,.1077049449086189,.8685703277587891,BEL,High income,Europe & Central Asia,NO,Member State,1,"Territory, region, or administrated by a state",Member State,,150,Europe,155,Western Europe,,,056,Northern America and Europe,2016-2018,2018
Belize,.3103481829166412,.1632556021213531,.1186598017811775,.5922635793685913,.259990394115448,.0409070998430252,.0388072915375233,.3397048115730286,.3403750658035278,.1543899774551392,.1107517555356026,.605516791343689,.1559245884418488,.3326985239982605,.1361314952373505,.6247546672821045,BLZ,Upper middle income,Latin America & Caribbean,NO,Member State,1,"Territory, region, or administrated by a state",Member State,,019,Americas,419,Latin America and the Caribbean,013,Central America,084,Latin America & Caribbean,2016-2018,2018
Benin,.2113108485937119,.2607902586460114,.1743818074464798,.6464829444885254,.2949468195438385,.0459311753511429,.0239182598888874,.3647962510585785,.250541478395462,.2234216928482056,.1595818996429443,.6335450410842896,.2130004018545151,.2540240287780762,.2031906694173813,.6702150702476501,BEN,Lower middle income,Sub-Saharan Africa,NO,Member State,1,"Territory, region, or administrated by a state",Member State,,002,Africa,202,Sub-Saharan Africa,011,Western Africa,204,Sub-Saharan Africa,2016-2018,2018
Bolivia (Plurinational State of),.4218741655349731,.0722915008664131,.1216766685247421,.615842342376709,.3836959600448608,.0603169873356819,.0056833080016077,.449696272611618,.2880779802799225,.0470374375581741,.0519796535372734,.3870950639247894,.3460351228713989,.0308798905462027,.1108975261449814,.4878125488758087,BOL,Lower middle income,Latin America & Caribbean,NO,Member State,1,"Territory, region, or administrated by a state",Member State,,019,Americas,419,Latin America and the Caribbean,005,South America,068,Latin America & Caribbean,2016-2018,2018
Bosnia and Herzegovina,.2093252390623093,.3768410384654999,.131599023938179,.7177652716636658,.2021641731262207,.2418785244226456,.0199143290519714,.4639570116996765,.2556954026222229,.3366338610649109,.1053493320941925,.6976786255836487,.1602364778518677,.4234563708305359,.106214165687561,.6899070143699646,BIH,Upper middle income,Europe & Central Asia,NO,Member State,1,"Territory, region, or administrated by a state",Member State,,150,Europe,039,Southern Europe,,,070,Northern America and Europe,2016-2018,2018
Botswana,.0526175536215305,.3455325365066528,.1997006088495255,.5978507399559021,.0624575838446617,.3253433406352997,.1051042079925537,.4929051101207733,.0961717367172241,.2789060175418854,.198384702205658,.5734624266624451,.064601831138134,.3446823358535767,.1907723546028137,.600056529045105,BWA,Upper middle income,Sub-Saharan Africa,NO,Member State,1,"Territory, region, or administrated by a state",Member State,,002,Africa,202,Sub-Saharan Africa,018,Southern Africa,072,Sub-Saharan Africa,2016-2018,2018
Brazil,.4160676598548889,.0430475473403931,.1342378109693527,.5933530330657959,.4171379208564758,.0330051146447659,.0233187917619944,.4734618365764618,.2905651926994324,.0290180761367083,.1555114388465881,.4750947058200836,.3512794971466064,.0363474637269974,.1560791879892349,.5437061190605164,BRA,Upper middle income,Latin America & Caribbean,NO,Member State,1,"Territory, region, or administrated by a state",Member State,,019,Americas,419,Latin America and the Caribbean,005,South America,076,Latin America & Caribbean,2016-2018,2018
Bulgaria,.3860738277435303,.1678948253393173,.1147469058632851,.6687155961990356,.2199933677911758,.3971350789070129,.0525120683014393,.6696405410766602,.3889355659484863,.1382369250059128,.0851403176784515,.6123127937316895,.3283625543117523,.2154876589775085,.1112357005476952,.6550859212875366,BGR,Upper middle income,Europe & Central Asia,NO,Member State,1,"Territory, region, or administrated by a state",Member State,,150,Europe,151,Eastern Europe,,,100,Northern America and Europe,2016-2018,2018
Burkina Faso,.2908609509468079,.1754609644412994,.176436647772789,.6427586078643799,.1721853017807007,.1568251848220825,.0231248773634434,.3521353304386139,.331419825553894,.1201249957084656,.139549732208252,.5910945534706116,.3236672282218933,.1144568622112274,.1990027278661728,.6371268033981323,BFA,Low income,Sub-Saharan Africa,NO,Member State,1,"Territory, region, or administrated by a state",Member State,,002,Africa,202,Sub-Saharan Africa,011,Western Africa,854,Sub-Saharan Africa,2016-2018,2018
Cabo Verde,.0709617137908936,.5574878454208374,.130251407623291,.7587010264396667,.1564891785383224,.2977782189846039,.0853680148720741,.5396354198455811,.1223990619182587,.4910770654678345,.1180704981088638,.7315466403961182,.0715884566307068,.5620614290237427,.0965471193194389,.730197012424469,CPV,Lower middle income,Sub-Saharan Africa,NO,Member State,1,"Territory, region, or administrated by a state",Member State,,002,Africa,202,Sub-Saharan Africa,011,Western Africa,132,Sub-Saharan Africa,2016-2018,2018
Cambodia,.226434588432312,.0900311022996902,.1453257203102112,.4617914259433746,.2109087109565735,.0630640760064125,.0236020665615797,.2975748777389526,.2804668545722961,.0501867532730103,.1373997330665588,.4680533707141876,.3592833876609802,.1579356789588928,.1647542119026184,.6819732785224915,KHM,Lower middle income,East Asia & Pacific,NO,Member State,1,"Territory, region, or administrated by a state",Member State,,142,Asia,035,South-eastern Asia,,,116,South-eastern Asia,2016-2018,2018
Cameroon,.3962540626525879,.1378886103630066,.1524289548397064,.6865715980529785,.2982430458068848,.0069460575468838,.0008196834241971,.3060088157653809,.3826375603675842,.1363190114498138,.1655842661857605,.684540867805481,.3928068876266479,.0775103271007538,.132447212934494,.602764368057251,CMR,Lower middle income,Sub-Saharan Africa,NO,Member State,1,"Territory, region, or administrated by a state",Member State,,002,Africa,202,Sub-Saharan Africa,017,Middle Africa,120,Sub-Saharan Africa,2016-2018,2018
Canada,.4046604633331299,.1008292213082314,.179160863161087,.6846505403518677,.1337178349494934,.5536015033721924,.0455803051590919,.7328996062278748,.3710830807685852,.0627889633178711,.180025115609169,.6138971447944641,.3525854051113129,.0976123660802841,.1494819819927216,.5996797680854797,CAN,High income,North America,NO,Member State,1,"Territory, region, or administrated by a state",Member State,,019,Americas,021,Northern America,,,124,Northern America and Europe,2016-2018,2018
Central African Republic,.4547240138053894,.0850217491388321,.0889180079102516,.6286637783050537,.323955625295639,.0205008089542389,.0058480394072831,.3503044843673706,.4326323270797729,.061856497079134,.1042859181761742,.598774790763855,.349556565284729,.0576037354767323,.0985372886061668,.5056976079940796,CAF,Low income,Sub-Saharan Africa,NO,Member State,1,"Territory, region, or administrated by a state",Member State,,002,Africa,202,Sub-Saharan Africa,017,Middle Africa,140,Sub-Saharan Africa,2016-2018,2018
Chile,.348033994436264,.3641941249370575,.1321881115436554,.8444162011146545,.4127404689788818,.0670888870954514,.0410090945661068,.5208384394645691,.4298430681228638,.2631345093250275,.0750756561756134,.7680532336235046,.3343971073627472,.3803282380104065,.0865235775709152,.8012489080429077,CHL,High income,Latin America & Caribbean,NO,Member State,1,"Territory, region, or administrated by a state",Member State,,019,Americas,419,Latin America and the Caribbean,005,South America,152,Latin America & Caribbean,2016-2018,2018
China,.3197419047355652,.1318928003311157,.1978406012058258,.6494753360748291,.2554686665534973,.0111857848241925,.0174780040979385,.2841324508190155,.2998895347118378,.1782531142234802,.1687785089015961,.6469211578369141,.3701206743717194,.2175756692886353,.1183111369609833,.7060074806213379,CHN,Upper middle income,East Asia & Pacific,NO,Member State,1,"Territory, region, or administrated by a state",Member State,,142,Asia,030,Eastern Asia,,,156,Eastern Asia,2016-2018,2018
Colombia,.3851521909236908,.2485000789165497,.0984478145837784,.7321000695228577,.4071981608867645,.0381932780146599,.0056849266402423,.4510763585567474,.3093774318695068,.2794198393821716,.0831509381532669,.6719481945037842,.3301020562648773,.2367497682571411,.0689185708761215,.6357704401016235,COL,Upper middle income,Latin America & Caribbean,NO,Member State,1,"Territory, region, or administrated by a state",Member State,,019,Americas,419,Latin America and the Caribbean,005,South America,170,Latin America & Caribbean,2016-2018,2018
Comoros,.059524443000555,.0844726711511612,0,.1439971178770065,,,,,.0674857422709465,.0847887098789215,0,.1522744446992874,.048903614282608,.082792267203331,0,.131695881485939,COM,Lower middle income,Sub-Saharan Africa,NO,Member State,1,"Territory, region, or administrated by a state",Member State,,002,Africa,202,Sub-Saharan Africa,014,Eastern Africa,174,Sub-Saharan Africa,2016-2018,2018
Congo,.166032463312149,.4173287749290466,.1174279153347015,.7007891535758972,.2596346735954285,.132040947675705,.0239327717572451,.4156084060668945,.1898867785930634,.5232117772102356,.0671584606170654,.7802570462226868,.0889275297522545,.4318774938583374,.096064031124115,.6168690323829651,COG,Lower middle income,Sub-Saharan Africa,NO,Member State,1,"Territory, region, or administrated by a state",Member State,,002,Africa,202,Sub-Saharan Africa,017,Middle Africa,178,Sub-Saharan Africa,2016-2018,2018
Costa Rica,.3242833018302917,.3215285837650299,.0885170996189117,.7343289256095886,.309833288192749,.051377110183239,.0101624140515924,.371372789144516,.2133497297763824,.3913325071334839,.0412990860641003,.6459813714027405,.2777655720710754,.2963613271713257,.0521556064486504,.6262825131416321,CRI,Upper middle income,Latin America & Caribbean,NO,Member State,1,"Territory, region, or administrated by a state",Member State,,019,Americas,419,Latin America and the Caribbean,013,Central America,188,Latin America & Caribbean,2016-2018,2018
Croatia,.3421327471733093,.2811965048313141,.1597083359956741,.7830376029014587,.1306537836790085,.2184567153453827,.099360890686512,.4484713971614838,.4045710861682892,.2282736748456955,.1128731444478035,.7457178831100464,.3030720353126526,.3805145025253296,.1648631542921066,.84844970703125,HRV,High income,Europe & Central Asia,NO,Member State,1,"Territory, region, or administrated by a state",Member State,,150,Europe,039,Southern Europe,,,191,Northern America and Europe,2016-2018,2018
Cuba,.2651421725749969,.3445021510124207,.0789871588349342,.6886314749717712,.3159043192863464,.0132110184058547,.0153697486966848,.3444850742816925,.1746087968349457,.4537327289581299,.0562973916530609,.6846389174461365,.1700216084718704,.4412152767181396,.0652176961302757,.6764546036720276,CUB,Upper middle income,Latin America & Caribbean,NO,Member State,1,"Territory, region, or administrated by a state",Member State,,019,Americas,419,Latin America and the Caribbean,029,Caribbean,192,Latin America & Caribbean,2016-2018,2018
Cyprus,.0332597196102142,.2692186832427979,.2189182192087173,.5213966369628906,.2983894348144531,.2967536151409149,.060352511703968,.6554955840110779,.0423642992973328,.2454599142074585,.1997290700674057,.4875532686710358,.0802103355526924,.3857276737689972,.2549556791782379,.7208936810493469,CYP,High income,Europe & Central Asia,NO,Member State,1,"Territory, region, or administrated by a state",Member State,,142,Asia,145,Western Asia,,,196,Northern Africa & Western Asia,2016-2018,2018
Czechia,.4085983335971832,.3202991485595703,.0713134109973907,.8002108931541443,.0987742394208908,.6821111440658569,.0550798289477825,.8359652161598206,.3803704380989075,.2612698972225189,.0625596567988396,.7041999697685242,.2967061102390289,.4061825275421143,.043650358915329,.7465389966964722,CZE,High income,Europe & Central Asia,NO,Member State,1,"Territory, region, or administrated by a state",Member State,,150,Europe,151,Eastern Europe,,,203,Northern America and Europe,2016-2018,2018
CÃ´te D'Ivoire,.3575752973556519,.1678673326969147,.138334795832634,.6637774109840393,.253202885389328,.0950136780738831,.0164493098855019,.3646658957004547,.3120126128196716,.2392171025276184,.1267271339893341,.6779568195343018,.3734037280082703,.0772721022367477,.1011146083474159,.5517904162406921,CIV,Lower middle income,Sub-Saharan Africa,NO,Member State,1,"Territory, region, or administrated by a state",Member State,,002,Africa,202,Sub-Saharan Africa,011,Western Africa,384,Sub-Saharan Africa,2016-2018,2018
Denmark,.3375810086727142,.2768011689186096,.1461095064878464,.760491669178009,.0874656587839127,.6157098412513733,.0693301260471344,.7725055813789368,.3612743616104126,.2280949056148529,.105159692466259,.6945289969444275,.2896307110786438,.4037860631942749,.0862641409039497,.7796808481216431,DNK,High income,Europe & Central Asia,NO,Member State,1,"Territory, region, or administrated by a state",Member State,,150,Europe,154,Northern Europe,,,208,Northern America and Europe,2016-2018,2018
Djibouti,.0017561385175213,.3559005260467529,.1140404716134071,.4716971218585968,.0391023606061935,.4659029245376587,.0362192168831825,.541224479675293,.0075416965410113,.2222337126731873,.0806911289691925,.3104665279388428,.0026675926055759,.3299798667430878,.0670316591858864,.3996791243553162,DJI,Lower middle income,Middle East & North Africa,NO,Member State,1,"Territory, region, or administrated by a state",Member State,,002,Africa,202,Sub-Saharan Africa,014,Eastern Africa,262,Sub-Saharan Africa,2016-2018,2018
Dominica,.1972710639238358,.3134731352329254,.1979643702507019,.7087085843086243,.3149659335613251,.0454388000071049,.0083625987172127,.3687673211097717,.1942949891090393,.3395958542823792,.1513135880231857,.6852043867111206,.1168487891554832,.3273830413818359,.1332114338874817,.5774433016777039,DMA,Upper middle income,Latin America & Caribbean,NO,Member State,1,"Territory, region, or administrated by a state",Member State,,019,Americas,419,Latin America and the Caribbean,029,Caribbean,212,Latin America & Caribbean,2016-2018,2018
Ecuador,.4029573202133179,.1630993336439133,.111709825694561,.6777665019035339,.2075201272964478,.0279399342834949,.0037611406296492,.2392212152481079,.41124626994133,.1737910211086273,.0671065151691437,.6521438360214233,.3848498463630676,.1200450956821442,.0576555654406548,.5625505447387695,ECU,Upper middle income,Latin America & Caribbean,NO,Member State,1,"Territory, region, or administrated by a state",Member State,,019,Americas,419,Latin America and the Caribbean,005,South America,218,Latin America & Caribbean,2016-2018,2018
Egypt,.2470179796218872,.3342998027801514,.1511570513248444,.7324748039245605,.4232463836669922,.01995131932199,.0057041184045374,.4489018619060516,.2254078388214111,.3383525311946869,.1325421929359436,.6963025331497192,.18765889108181,.4003258645534515,.1536106914281845,.741595447063446,EGY,Lower middle income,Middle East & North Africa,NO,Member State,1,"Territory, region, or administrated by a state",Member State,,002,Africa,015,Northern Africa,,,818,Northern Africa & Western Asia,2016-2018,2018
El Salvador,.2370017468929291,.3478885889053345,.0999740064144135,.684864342212677,.1421957612037659,.4622816443443298,.0351029895246029,.6395804286003113,.2168485671281815,.3328148424625397,.0955053642392159,.6451687216758728,.1573050618171692,.4802923202514648,.0755069553852081,.7131043076515198,SLV,Lower middle income,Latin America & Caribbean,NO,Member State,1,"Territory, region, or administrated by a state",Member State,,019,Americas,419,Latin America and the Caribbean,013,Central America,222,Latin America & Caribbean,2016-2018,2018
Estonia,.3862370848655701,.2951558530330658,.0966204106807709,.778013288974762,.0793741047382355,.6372832059860229,.0511240586638451,.7677813768386841,.4091040790081024,.2177781462669373,.0753211304545403,.7022033333778381,.3379649519920349,.344434380531311,.084497407078743,.7668967843055725,EST,High income,Europe & Central Asia,NO,Member State,1,"Territory, region, or administrated by a state",Member State,,150,Europe,154,Northern Europe,,,233,Northern America and Europe,2016-2018,2018
Eswatini,.2095715403556824,.1897426247596741,.0667707473039627,.4660849273204803,.2961719632148743,.204554557800293,.0385651662945747,.5392916798591614,.1847772747278214,.3264969289302826,.0730066299438477,.5842808485031128,.1571916490793228,.4104403257369995,.1107108592987061,.678342878818512,SWZ,Lower middle income,Sub-Saharan Africa,NO,Member State,1,"Territory, region, or administrated by a state",Member State,,002,Africa,202,Sub-Saharan Africa,018,Southern Africa,748,Sub-Saharan Africa,2016-2018,2018
Ethiopia,.2824711203575134,.1397444605827332,.2389294356107712,.6611449718475342,.2749783396720886,.0693321898579597,.0135257970541716,.3578363358974457,.319356232881546,.0817759931087494,.2483830004930496,.6495152711868286,.2830930054187775,.2375384271144867,.1480286717414856,.6686601042747498,ETH,Low income,Sub-Saharan Africa,NO,Member State,1,"Territory, region, or administrated by a state",Member State,,002,Africa,202,Sub-Saharan Africa,014,Eastern Africa,231,Sub-Saharan Africa,2016-2018,2018
Fiji,.17756187915802,.2416673302650452,.1980377584695816,.6172669529914856,.1602224409580231,.3300231695175171,.0572301931679249,.5474758148193359,.1829673051834106,.366643875837326,.1075561866164207,.657167375087738,.1203893423080444,.4489564895629883,.1558005064725876,.7251463532447815,FJI,Upper middle income,East Asia & Pacific,NO,Member State,1,"Territory, region, or administrated by a state",Member State,,009,Oceania,054,Melanesia,,,242,Oceania,2016-2018,2018
Finland,.2504215240478516,.3009099662303925,.1959651410579681,.7472966313362122,.0644637942314148,.6513956785202026,.037067461758852,.7529269456863403,.3031625151634216,.2073261439800262,.1840803623199463,.6945689916610718,.1992413103580475,.3738228678703308,.0944553688168526,.6675195693969727,FIN,High income,Europe & Central Asia,NO,Member State,1,"Territory, region, or administrated by a state",Member State,,150,Europe,154,Northern Europe,,,246,Northern America and Europe,2016-2018,2018
France,.4224843978881836,.2298732697963715,.1426958292722702,.7950535416603088,.2073015421628952,.4404114782810211,.0525515675544739,.700264573097229,.4283015727996826,.1975937932729721,.0858451351523399,.7117404937744141,.3767641186714172,.3723157048225403,.0836914330720901,.8327712416648865,FRA,High income,Europe & Central Asia,NO,Member State,1,"Territory, region, or administrated by a state",Member State,,150,Europe,155,Western Europe,,,250,Northern America and Europe,2016-2018,2018
French Polynesia,.1215071156620979,.5184094309806824,.0746053606271744,.7145218849182129,.1363489478826523,.3736090064048767,.0885771960020065,.5985351800918579,.1001891940832138,.6042454838752747,.0329816453158855,.7374163866043091,.1361315846443176,.3619199693202972,.0778504759073257,.5759020447731018,PYF,High income,East Asia & Pacific,NO,FR Territory,0,"Territory, region, or administrated by a state",FR Territory,FRA,009,Oceania,061,Polynesia,,,258,Oceania,2016-2018,2018
Gabon,.2052440643310547,.3693084120750427,.1420240849256516,.7165766358375549,.1290035098791122,.093000739812851,.0287092346698046,.2507134974002838,.1995278000831604,.4758365750312805,.0953851789236069,.770749568939209,.1246035918593407,.4693551659584045,.0970871075987816,.6910458207130432,GAB,Upper middle income,Sub-Saharan Africa,NO,Member State,1,"Territory, region, or administrated by a state",Member State,,002,Africa,202,Sub-Saharan Africa,017,Middle Africa,266,Sub-Saharan Africa,2016-2018,2018
Gambia (Republic of The),.1335743814706802,.4226548969745636,.1237729415297508,.6800022721290588,.046490803360939,.3689555525779724,.063677042722702,.4791233837604523,.2006047666072845,.3141425848007202,.1110184416174889,.6257658004760742,.1329414248466492,.3016906976699829,.1197927892208099,.5544249415397644,GMB,Low income,Sub-Saharan Africa,NO,Member State,1,"Territory, region, or administrated by a state",Member State,,002,Africa,202,Sub-Saharan Africa,011,Western Africa,270,Sub-Saharan Africa,2016-2018,2018
Georgia,.1859919726848602,.4679180979728699,.0964697077870369,.7503798007965088,.2712589204311371,.2232289910316467,.0738709196448326,.568358838558197,.2515068054199219,.3605132102966309,.0767225548624992,.6887425780296326,.1668986082077026,.517720103263855,.0788080170750618,.7634267807006836,GEO,Upper middle income,Europe & Central Asia,NO,Member State,1,"Territory, region, or administrated by a state",Member State,,142,Asia,145,Western Asia,,,268,Northern Africa & Western Asia,2016-2018,2018
Germany,.2993823885917664,.369725376367569,.2080960869789124,.8772038817405701,.116362065076828,.6361063718795776,.0422611869871616,.7947295904159546,.236129492521286,.3570738434791565,.1826816946268082,.7758850455284119,.2320327907800674,.445839136838913,.1651881039142609,.8430600762367249,DEU,High income,Europe & Central Asia,NO,Member State,1,"Territory, region, or administrated by a state",Member State,,150,Europe,155,Western Europe,,,276,Northern America and Europe,2016-2018,2018
Ghana,.3428893685340881,.1825442314147949,.1266241073608398,.6520577669143677,.2511659264564514,.0508064441382885,.0062603740952909,.3082327246665955,.3788238763809204,.1944985240697861,.1225892975926399,.695911705493927,.3165959715843201,.1651903092861176,.1565235704183578,.6383098363876343,GHA,Lower middle income,Sub-Saharan Africa,NO,Member State,1,"Territory, region, or administrated by a state",Member State,,002,Africa,202,Sub-Saharan Africa,011,Western Africa,288,Sub-Saharan Africa,2016-2018,2018
Greece,.3320649564266205,.4204199314117432,.1425236463546753,.8950085639953613,.396857738494873,.1262774467468262,.0337111093103886,.5568463206291199,.3258006572723389,.4247642159461975,.1030904725193977,.8536553978919983,.3099824488162994,.3828864395618439,.1240527927875519,.8169217109680176,GRC,High income,Europe & Central Asia,NO,Member State,1,"Territory, region, or administrated by a state",Member State,,150,Europe,039,Southern Europe,,,300,Northern America and Europe,2016-2018,2018
Grenada,.1004239767789841,.4797948002815247,.1225453317165375,.702764093875885,.2205290943384171,.0547784864902496,.0348869897425175,.3101945817470551,.1154140010476112,.4621657133102417,.0920822769403458,.6696619987487793,.1245917826890945,.4500904977321625,.1291286200284958,.7038109302520752,GRD,Upper middle income,Latin America & Caribbean,NO,Member State,1,"Territory, region, or administrated by a state",Member State,,019,Americas,419,Latin America and the Caribbean,029,Caribbean,308,Latin America & Caribbean,2016-2018,2018
Guatemala,.372656911611557,.1843786537647247,.0689126625657082,.6259481906890869,.406438410282135,.0475864596664906,.0043908762745559,.4584157466888428,.3235359489917755,.2608439326286316,.0758734494447708,.6602532863616943,.2794957756996155,.1968017965555191,.0556236207485199,.5319211483001709,GTM,Upper middle income,Latin America & Caribbean,NO,Member State,1,"Territory, region, or administrated by a state",Member State,,019,Americas,419,Latin America and the Caribbean,013,Central America,320,Latin America & Caribbean,2016-2018,2018
Guinea,.3074277341365814,.191748172044754,.1284427344799042,.6276186108589172,.325366735458374,.0517913550138474,.0049881339073181,.3821462094783783,.3338565528392792,.1509592235088348,.1092198491096497,.5940356254577637,.3091596364974976,.1409769952297211,.0722350031137466,.5223715901374817,GIN,Low income,Sub-Saharan Africa,NO,Member State,1,"Territory, region, or administrated by a state",Member State,,002,Africa,202,Sub-Saharan Africa,011,Western Africa,324,Sub-Saharan Africa,2016-2018,2018
Guyana,.2290261089801788,.1401433944702148,.1900799572467804,.5592494606971741,.2679299712181091,.0791301876306534,.016160000115633,.3632201552391052,.2207251787185669,.1647124886512756,.1782942861318588,.5637319087982178,.2006440013647079,.2940926551818848,.1667103469371796,.6614469885826111,GUY,Upper middle income,Latin America & Caribbean,NO,Member State,1,"Territory, region, or administrated by a state",Member State,,019,Americas,419,Latin America and the Caribbean,005,South America,328,Latin America & Caribbean,2016-2018,2018
Honduras,.3428067862987518,.2334391623735428,.0873171985149384,.6635631322860718,.3657107949256897,.1268144249916077,.0052240374498069,.4977492690086365,.2999584376811981,.2779501676559448,.0612752921879292,.6391838788986206,.2659933567047119,.1524060964584351,.068699911236763,.4870993494987488,HND,Lower middle income,Latin America & Caribbean,NO,Member State,1,"Territory, region, or administrated by a state",Member State,,019,Americas,419,Latin America and the Caribbean,013,Central America,340,Latin America & Caribbean,2016-2018,2018
Hong Kong,.0214825049042702,.8950023055076599,.0619021095335484,.9783869385719299,.0038541932590306,.5931874513626099,.0284720975905657,.6255137324333191,.0208487324416637,.8334713578224182,.0293872412294149,.8837073445320129,.0283548980951309,.8008792400360107,.071046344935894,.9002804756164551,HKG,High income,East Asia & Pacific,NO,CN Special Administrative Region,0,"Territory, region, or administrated by a state",CN Special Administrative Region,CHN,142,Asia,030,Eastern Asia,,,344,Eastern Asia,2016-2018,2018
Hungary,.234396755695343,.1042239516973495,.2951477468013763,.6337684392929077,.1987885534763336,.1518227159976959,.1805467307567596,.5311580300331116,.2389551997184753,.0826281756162643,.2711545825004578,.5927379727363586,.3044259250164032,.1876711696386337,.226337343454361,.7184344530105591,HUN,High income,Europe & Central Asia,NO,Member State,1,"Territory, region, or administrated by a state",Member State,,150,Europe,151,Eastern Europe,,,348,Northern America and Europe,2016-2018,2018
Iceland,.2699772715568542,.356806606054306,.0667833238840103,.693567156791687,.0069661834277213,.7775101661682129,.0459785647690296,.8304548859596252,.2455634474754333,.1694719046354294,.0254039242863655,.4404392838478088,.2909184396266937,.25362229347229,.0422425121068954,.5867832899093628,ISL,High income,Europe & Central Asia,NO,Member State,1,"Territory, region, or administrated by a state",Member State,,150,Europe,154,Northern Europe,,,352,Northern America and Europe,2016-2018,2018
India,.4032814502716064,.093420997262001,.1913900375366211,.6880924701690674,.3477728068828583,.0086808502674103,.0049414774402976,.3613951206207275,.3960605561733246,.0391108095645905,.2073694318532944,.6425408124923706,.3279500603675842,.2086134254932404,.186220794916153,.7227842807769775,IND,Lower middle income,South Asia,NO,Member State,1,"Territory, region, or administrated by a state",Member State,,142,Asia,034,Southern Asia,,,356,Southern Asia,2016-2018,2018
Indonesia,.3347184360027313,.0999886095523834,.1345577836036682,.569264829158783,.316337913274765,.0586865767836571,.0038734839763492,.3788979947566986,.3138052821159363,.163879930973053,.1107945740222931,.5884798169136047,.316661149263382,.0328103043138981,.0686896443367004,.4181610941886902,IDN,Lower middle income,East Asia & Pacific,NO,Member State,1,"Territory, region, or administrated by a state",Member State,,142,Asia,035,South-eastern Asia,,,360,South-eastern Asia,2016-2018,2018
Iran (Islamic Republic of),.2711321115493774,.2768309116363525,.1903017461299896,.738264799118042,.4049279689788818,.0232783053070307,.0419911704957485,.4701974391937256,.2848581969738007,.2750621438026428,.1290351301431656,.6889554858207703,.2491016685962677,.3665061593055725,.1676637977361679,.7832716107368469,IRN,Lower middle income,Middle East & North Africa,NO,Member State,1,"Territory, region, or administrated by a state",Member State,,142,Asia,034,Southern Asia,,,364,Southern Asia,2016-2018,2018
Ireland,.1888992488384247,.321052610874176,.1407039761543274,.6506558656692505,.0587333217263222,.6394549012184143,.0626197159290314,.760807991027832,.2494123578071594,.2621791660785675,.0994954779744148,.6110870242118835,.2503100037574768,.357210636138916,.1474069207906723,.7549275755882263,IRL,High income,Europe & Central Asia,NO,Member State,1,"Territory, region, or administrated by a state",Member State,,150,Europe,154,Northern Europe,,,372,Northern America and Europe,2016-2018,2018
Israel,.1363708525896072,.5439832806587219,.1491921097040176,.8295462727546692,.3831831216812134,.1612333357334137,.0438886098563671,.5883050560951233,.1617484092712402,.4877972304821014,.1085281521081924,.7580737471580505,.2045646607875824,.508761465549469,.132378876209259,.8457050323486328,ISR,High income,Middle East & North Africa,NO,Member State,1,"Territory, region, or administrated by a state",Member State,,142,Asia,145,Western Asia,,,376,Northern Africa & Western Asia,2016-2018,2018
Italy,.2533591091632843,.4971850514411926,.1786488443613052,.9291929602622986,.3717769980430603,.1742423474788666,.0360585898160934,.5820779204368591,.2951089441776276,.4517083764076233,.1337662786245346,.8805835843086243,.2173954695463181,.5187928676605225,.1313481032848358,.8675364851951599,ITA,High income,Europe & Central Asia,NO,Member State,1,"Territory, region, or administrated by a state",Member State,,150,Europe,039,Southern Europe,,,380,Northern America and Europe,2016-2018,2018
Jamaica,.2103200703859329,.4364438056945801,.0650249645113945,.7117888331413269,.3329394161701202,.117346316576004,.0278076995164156,.4780934453010559,.1956542134284973,.4186810255050659,.0273983795195818,.6417335867881775,.1924851983785629,.3107032775878906,.0920854434370995,.5952739715576172,JAM,Upper middle income,Latin America & Caribbean,NO,Member State,1,"Territory, region, or administrated by a state",Member State,,019,Americas,419,Latin America and the Caribbean,029,Caribbean,388,Latin America & Caribbean,2016-2018,2018
Japan,.2081784904003143,.4707425236701965,.1338319331407547,.8127529621124268,.1775644570589066,.2806376814842224,.0344663113355637,.492668479681015,.1937477439641953,.4627667665481567,.1173123493790627,.7738268375396729,.2274972498416901,.4480353891849518,.0935254618525505,.7690581083297729,JPN,High income,East Asia & Pacific,NO,Member State,1,"Territory, region, or administrated by a state",Member State,,142,Asia,030,Eastern Asia,,,392,Eastern Asia,2016-2018,2018
Jordan,.0744485035538673,.6319006681442261,.0837983042001724,.7901474833488464,.3255832195281982,.1579232811927795,.0446875207126141,.5281940102577209,.0949485749006271,.5628831386566162,.0790371373295784,.7368688583374023,.1223299652338028,.6026965975761414,.1010802984237671,.82610684633255,JOR,Upper middle income,Middle East & North Africa,NO,Member State,1,"Territory, region, or administrated by a state",Member State,,142,Asia,145,Western Asia,,,400,Northern Africa & Western Asia,2016-2018,2018
Kazakhstan,.3399365544319153,.0822500437498093,.185851976275444,.6080385446548462,.1733960211277008,.1963278949260712,.0177971962839365,.3875211179256439,.3648039400577545,.0476568527519703,.1742423176765442,.5867031216621399,.4146731495857239,.1495105177164078,.1631650924682617,.7273487448692322,KAZ,Upper middle income,Europe & Central Asia,NO,Member State,1,"Territory, region, or administrated by a state",Member State,,142,Asia,143,Central Asia,,,398,Central Asia,2016-2018,2018
Kenya,.2726753950119019,.3092615604400635,.1545266658067703,.7364636063575745,.3269670605659485,.0434805750846863,.0368534550070763,.4073010683059692,.3129437565803528,.2246003746986389,.1462764739990234,.6838206052780151,.2236209660768509,.2535675168037415,.100224994122982,.5774134397506714,KEN,Lower middle income,Sub-Saharan Africa,NO,Member State,1,"Territory, region, or administrated by a state",Member State,,002,Africa,202,Sub-Saharan Africa,014,Eastern Africa,404,Sub-Saharan Africa,2016-2018,2018
Kiribati,.1858791261911392,.1594702899456024,.1131011918187141,.4584506154060364,.1743703931570053,.0535229183733463,.0304593909531832,.2583526968955994,.1963133215904236,.0997149720788002,.0457599572837353,.34178826212883,.2160939127206802,.0473507717251778,.0200639646500349,.2835086584091187,KIR,Lower middle income,East Asia & Pacific,NO,Member State,1,"Territory, region, or administrated by a state",Member State,,009,Oceania,057,Micronesia,,,296,Oceania,2016-2018,2018
Kuwait,.0307330694049597,.6260362863540649,.1408839225769043,.7976533174514771,.0840025171637535,.6027665138244629,.0622858479619026,.7490548491477966,.0566299818456173,.5922797918319702,.1086690574884415,.7575788497924805,.0477040074765682,.6641493439674377,.1334245949983597,.8452778458595276,KWT,High income,Middle East & North Africa,NO,Member State,1,"Territory, region, or administrated by a state",Member State,,142,Asia,145,Western Asia,,,414,Northern Africa & Western Asia,2016-2018,2018
Kyrgyzstan,.3505376577377319,.1622547060251236,.1441593915224075,.6569517254829407,.2434471547603607,.1006094142794609,.0201857071369886,.364242285490036,.395458996295929,.0961824432015419,.1184360533952713,.610077440738678,.2754808664321899,.2634536027908325,.1414457857608795,.6803802847862244,KGZ,Lower middle income,Europe & Central Asia,NO,Member State,1,"Territory, region, or administrated by a state",Member State,,142,Asia,143,Central Asia,,,417,Central Asia,2016-2018,2018
Latvia,.2584142088890076,.3169527947902679,.1240351274609566,.6994020938873291,.1073117405176163,.59852534532547,.0553035773336887,.7611407041549683,.2955184280872345,.2681082487106323,.0950160324573517,.6586427092552185,.2874185144901276,.3885661065578461,.0952797532081604,.771264374256134,LVA,High income,Europe & Central Asia,NO,Member State,1,"Territory, region, or administrated by a state",Member State,,150,Europe,154,Northern Europe,,,428,Northern America and Europe,2016-2018,2018
Lebanon,.1341213583946228,.6093237400054932,.1337487101554871,.877193808555603,.3952713310718536,.118259072303772,.0412265136837959,.5547568798065186,.1507344096899033,.5642701387405396,.1071960777044296,.8222007155418396,.1846973747014999,.535407543182373,.1152874454855919,.8353923559188843,LBN,Lower middle income,Middle East & North Africa,NO,Member State,1,"Territory, region, or administrated by a state",Member State,,142,Asia,145,Western Asia,,,422,Northern Africa & Western Asia,2016-2018,2018
Lithuania,.3684433102607727,.2358136028051376,.1441499888896942,.7484068870544434,.1029921248555183,.6426997780799866,.0283358059823513,.7740276455879211,.3950231075286865,.1660112738609314,.1200433745980263,.6810777187347412,.3066584765911102,.4216366410255432,.0919720754027367,.8202672004699707,LTU,High income,Europe & Central Asia,NO,Member State,1,"Territory, region, or administrated by a state",Member State,,150,Europe,154,Northern Europe,,,440,Northern America and Europe,2016-2018,2018
Luxembourg,.1614377498626709,.4584596753120422,.1256087422370911,.7455061674118042,.0184102822095156,.6112552881240845,.045777466148138,.6754429936408997,.1909056007862091,.4004849791526794,.0952997282147408,.6866903305053711,.1642977744340897,.5030695199966431,.1232157200574875,.7905829548835754,LUX,High income,Europe & Central Asia,NO,Member State,1,"Territory, region, or administrated by a state",Member State,,150,Europe,155,Western Europe,,,442,Northern America and Europe,2016-2018,2018
Macau,.0094513157382607,.7062913775444031,.1109099984169006,.8266526460647583,0,.449830174446106,.0216290447860956,.4714592099189758,.0181383863091469,.6951830387115479,.0626927763223648,.7760142683982849,.0154867991805077,.6615756750106812,.1024484932422638,.779511034488678,MAC,High income,East Asia & Pacific,NO,CN Special Administrative Region,0,"Territory, region, or administrated by a state",CN Special Administrative Region,CHN,142,Asia,030,Eastern Asia,,,446,Eastern Asia,2016-2018,2018
Madagascar,.2882402837276459,.2117727696895599,.061062328517437,.5610753893852234,.3135194480419159,.018788069486618,.0248405337333679,.3571480512619019,.3594861924648285,.1505490243434906,.0554969906806946,.5655322074890137,.2938276529312134,.3207711577415466,.0503683649003506,.6649671792984009,MDG,Low income,Sub-Saharan Africa,NO,Member State,1,"Territory, region, or administrated by a state",Member State,,002,Africa,202,Sub-Saharan Africa,014,Eastern Africa,450,Sub-Saharan Africa,2016-2018,2018
Malawi,.3426887392997742,.0450982078909874,.1779563426971436,.5657432675361633,.3407207131385803,.0059042316861451,.0039188819937408,.3505437970161438,.3831450939178467,.0376083962619305,.1611468195915222,.5819003582000732,.3574689924716949,.0798145532608032,.1694190949201584,.6067026257514954,MWI,Low income,Sub-Saharan Africa,NO,Member State,1,"Territory, region, or administrated by a state",Member State,,002,Africa,202,Sub-Saharan Africa,014,Eastern Africa,454,Sub-Saharan Africa,2016-2018,2018
Malaysia,.230897918343544,.241904616355896,.1071179062128067,.5799204111099243,.2096231281757355,.4121728539466858,.0316360704600811,.6534320712089539,.2264095544815063,.4985935091972351,.1026369482278824,.8276400566101074,.2251628190279007,.1386673599481583,.0818196535110474,.4456498324871063,MYS,Upper middle income,East Asia & Pacific,NO,Member State,1,"Territory, region, or administrated by a state",Member State,,142,Asia,035,South-eastern Asia,,,458,South-eastern Asia,2016-2018,2018
Maldives,.0227858275175095,.6301684379577637,.1302506923675537,.783204972743988,.0079034231603146,.6432002782821655,.0802556127309799,.7313593626022339,.0712187364697456,.4527431726455688,.0988986939191818,.6228606104850769,.028491273522377,.6161664128303528,.1146858409047127,.7593435645103455,MDV,Upper middle income,South Asia,NO,Member State,1,"Territory, region, or administrated by a state",Member State,,142,Asia,034,Southern Asia,,,462,Southern Asia,2016-2018,2018
Mali,.3162918388843536,.0938975587487221,.198122426867485,.6083117723464966,.2579589486122131,.0409670248627663,.0104222344234586,.3093481957912445,.3497046828269958,.0666903629899025,.1847560107707977,.6011510491371155,.3376981019973755,.1215158849954605,.2000439018011093,.6592578887939453,MLI,Low income,Sub-Saharan Africa,NO,Member State,1,"Territory, region, or administrated by a state",Member State,,002,Africa,202,Sub-Saharan Africa,011,Western Africa,466,Sub-Saharan Africa,2016-2018,2018
Malta,.0614331215620041,.7058330178260803,.1149129271507263,.8821790814399719,.1078012138605118,.3972847163677216,.0598906725645065,.5649766325950623,.1035247668623924,.597013533115387,.0799765512347221,.7805148363113403,.0572037324309349,.6969373226165771,.1127632483839989,.8669043183326721,MLT,High income,Middle East & North Africa,NO,Member State,1,"Territory, region, or administrated by a state",Member State,,150,Europe,039,Southern Europe,,,470,Northern America and Europe,2016-2018,2018
Mauritania,.1030566990375519,.3957385420799255,.1778963059186935,.6766915321350098,.0217276643961668,.4433913826942444,.037937480956316,.503056526184082,.2484591603279114,.2560815215110779,.1204172298312187,.6249579191207886,.1162721365690231,.3745893836021423,.0943909585475922,.5852524638175964,MRT,Lower middle income,Sub-Saharan Africa,NO,Member State,1,"Territory, region, or administrated by a state",Member State,,002,Africa,202,Sub-Saharan Africa,011,Western Africa,478,Sub-Saharan Africa,2016-2018,2018
Mauritius,.1000285744667053,.3482182621955872,.1310199350118637,.5792667269706726,.1435967236757278,.3519605398178101,.1004149988293648,.5959722995758057,.0797850042581558,.4802789688110352,.0612175576388836,.6212815046310425,.0614591240882874,.5629575848579407,.0717036053538322,.6961203217506409,MUS,Upper middle income,Sub-Saharan Africa,NO,Member State,1,"Territory, region, or administrated by a state",Member State,,002,Africa,202,Sub-Saharan Africa,014,Eastern Africa,480,Sub-Saharan Africa,2016-2018,2018
Mexico,.3074116110801697,.2896584570407867,.113173246383667,.710243284702301,.4694423973560333,.0485440529882908,.0235485434532166,.541534960269928,.2654728889465332,.3054400086402893,.0964333638548851,.6673462986946106,.2826207280158997,.3694376051425934,.1302070766687393,.7822654247283936,MEX,Upper middle income,Latin America & Caribbean,NO,Member State,1,"Territory, region, or administrated by a state",Member State,,019,Americas,419,Latin America and the Caribbean,013,Central America,484,Latin America & Caribbean,2016-2018,2018
Micronesia (Federated States of),,,,,,,,,,,,,,,,,FSM,Lower middle income,East Asia & Pacific,NO,Member State,1,"Territory, region, or administrated by a state",Member State,,009,Oceania,057,Micronesia,,,583,Oceania,2016-2018,2018
Mongolia,.1948899924755096,.3021677136421204,.1524211466312408,.6494788527488708,.0347224250435829,.4016281962394714,.06395623087883,.5003068447113037,.2830684185028076,.1622051298618317,.1098520159721375,.5551255345344543,.2149231731891632,.2419499456882477,.1533553451299667,.6102284789085388,MNG,Lower middle income,East Asia & Pacific,NO,Member State,1,"Territory, region, or administrated by a state",Member State,,142,Asia,030,Eastern Asia,,,496,Eastern Asia,2016-2018,2018
Montenegro,.0819244384765625,.6144952774047852,.0659753009676933,.7623949646949768,.1723347306251526,.441192090511322,.0357803702354431,.6493071913719177,.1118365749716759,.5538139343261719,.0583192519843578,.7239698171615601,.0619308650493622,.5898448824882507,.0654072836041451,.7171830534934998,MNE,Upper middle income,Europe & Central Asia,NO,Member State,1,Member state,,,150,Europe,039,Southern Europe,,,499,Northern America and Europe,2016-2018,2018
Morocco,.2274207025766373,.3346750140190125,.1452187895774841,.7073144912719727,.4284911155700684,.0394134297966957,.0180990751832724,.4860036075115204,.2642444968223572,.2545285820960999,.1262502670288086,.6450233459472656,.2538218796253204,.362743079662323,.1376523375511169,.754217267036438,MAR,Lower middle income,Middle East & North Africa,NO,Member State,1,"Territory, region, or administrated by a state",Member State,,002,Africa,015,Northern Africa,,,504,Northern Africa & Western Asia,2016-2018,2018
Namibia,.1623904407024384,.4161132872104645,.1762317419052124,.7547354698181152,.1706241071224213,.250319242477417,.1204719841480255,.5414153337478638,.2702983021736145,.2937150895595551,.0896605923771858,.6536739468574524,.1583246290683746,.3705060482025146,.1514531224966049,.680283784866333,NAM,Upper middle income,Sub-Saharan Africa,NO,Member State,1,"Territory, region, or administrated by a state",Member State,,002,Africa,202,Sub-Saharan Africa,018,Southern Africa,516,Sub-Saharan Africa,2016-2018,2018
Nepal,.2766423523426056,.171985536813736,.2107442021369934,.659372091293335,.1657545566558838,.0727889090776443,.01364232506603,.2521857917308807,.308021068572998,.1451070606708527,.1906096488237381,.64373779296875,.2325623035430908,.2478989064693451,.2119716703891754,.6924328804016113,NPL,Lower middle income,South Asia,NO,Member State,1,"Territory, region, or administrated by a state",Member State,,142,Asia,034,Southern Asia,,,524,Southern Asia,2016-2018,2018
Netherlands,.1348776519298553,.7242975234985352,.1290124654769897,.9881876111030579,.1511769741773605,.6341361999511719,.0546121895313263,.8399253487586975,.1918038874864578,.6388894319534302,.0957803726196289,.9264737367630005,.0915238857269287,.6627280116081238,.1169214844703674,.8711733818054199,NLD,High income,Europe & Central Asia,NO,Member State,1,"Territory, region, or administrated by a state",Member State,,150,Europe,155,Western Europe,,,528,Northern America and Europe,2016-2018,2018
New Caledonia,.0742686912417412,.5802139639854431,.1114708036184311,.7659534811973572,.1182489991188049,.3468515276908875,.0767859816551208,.5418865084648132,.1042532548308372,.5553172826766968,.0574299618601799,.7170004844665527,.0602582655847073,.6156998872756958,.0975689738988876,.7735271453857422,NCL,High income,East Asia & Pacific,NO,FR Non-Self-Governing Territory,0,"Territory, region, or administrated by a state",FR Non-Self-Governing Territory,FRA,009,Oceania,054,Melanesia,,,540,Oceania,2016-2018,2018
New Zealand,.3490671515464783,.2305241823196411,.1276202797889709,.7072116136550903,.32857745885849,.1490471512079239,.0127568505704403,.4903814494609833,.3258707523345947,.1033612936735153,.1249826923012733,.5542147159576416,.3151355087757111,.1593659520149231,.0853050872683525,.5598065853118896,NZL,High income,East Asia & Pacific,NO,Member State,1,"Territory, region, or administrated by a state",Member State,,009,Oceania,053,Australia and New Zealand,,,554,Oceania,2016-2018,2018
Nicaragua,.3644136786460876,.2074084281921387,.1394587159156799,.7112808227539063,.3762748837471008,.1280233860015869,.0229764748364687,.5272747278213501,.4194878339767456,.1970279961824417,.0689935460686684,.6855093836784363,.3211809098720551,.2573760151863098,.1247986555099487,.703355610370636,NIC,Lower middle income,Latin America & Caribbean,NO,Member State,1,"Territory, region, or administrated by a state",Member State,,019,Americas,419,Latin America and the Caribbean,013,Central America,558,Latin America & Caribbean,2016-2018,2018
Niger,.3046486079692841,.1082706302404404,.1109993308782578,.5239185690879822,.2533060908317566,.023197365924716,.0063192443922162,.2828227281570435,.3047244846820831,.0493850968778133,.1005395948886871,.4546491801738739,.3091379702091217,.1399874985218048,.1144796758890152,.5636051893234253,NER,Low income,Sub-Saharan Africa,NO,Member State,1,"Territory, region, or administrated by a state",Member State,,002,Africa,202,Sub-Saharan Africa,011,Western Africa,562,Sub-Saharan Africa,2016-2018,2018
Nigeria,.4041483104228973,.1282077729701996,.0986127555370331,.6309688687324524,.3208976089954376,.0217693950980902,.0069939107634127,.3496609330177307,.4345163702964783,.1016244888305664,.0954229608178139,.6315638422966003,.3948115706443787,.1338999271392822,.0760019198060036,.6047134399414063,NGA,Lower middle income,Sub-Saharan Africa,NO,Member State,1,"Territory, region, or administrated by a state",Member State,,002,Africa,202,Sub-Saharan Africa,011,Western Africa,566,Sub-Saharan Africa,2016-2018,2018
North Macedonia,.2780225872993469,.4050332605838776,.1171519309282303,.8002077341079712,.3340941667556763,.1012850552797318,.0274307541549206,.4628099799156189,.3114843964576721,.3349484801292419,.0955795869231224,.7420125007629395,.1753385066986084,.4933485686779022,.0977270379662514,.7664140462875366,MKD,Upper middle income,Europe & Central Asia,NO,Member State,1,"Territory, region, or administrated by a state",Member State,,150,Europe,039,Southern Europe,,,807,Northern America and Europe,2016-2018,2018
Norway,.2191990315914154,.5065253973007202,.0974293127655983,.8231537342071533,.0353890508413315,.6734116077423096,.0563061982393265,.7651067972183228,.2956721186637878,.2952617704868317,.0729864090681076,.6639202833175659,.1771142929792404,.4732060432434082,.0545201525092125,.7048404812812805,NOR,High income,Europe & Central Asia,NO,Member State,1,"Territory, region, or administrated by a state",Member State,,150,Europe,154,Northern Europe,,,578,Northern America and Europe,2016-2018,2018
Oman,.0781144052743912,.6456367969512939,.0991787910461426,.8229299187660217,.1895019114017487,.3787188529968262,.0282718669623137,.5964926481246948,.1335133463144302,.5899646282196045,.0902469679713249,.8137249350547791,.0789304673671722,.5254049301147461,.0942218452692032,.6985571980476379,OMN,High income,Middle East & North Africa,NO,Member State,1,"Territory, region, or administrated by a state",Member State,,142,Asia,145,Western Asia,,,512,Northern Africa & Western Asia,2016-2018,2018
Pakistan,.317399263381958,.1605127155780792,.1337318271398544,.6116437911987305,.3526602387428284,.0917591601610184,.0357506312429905,.4801699817180634,.3331092596054077,.1234718188643456,.1109716221690178,.5675527453422546,.157993957400322,.2500472664833069,.1108922958374023,.5189335346221924,PAK,Lower middle income,South Asia,NO,Member State,1,"Territory, region, or administrated by a state",Member State,,142,Asia,034,Southern Asia,,,586,Southern Asia,2016-2018,2018
Panama,.2408008575439453,.3945455551147461,.1467151939868927,.7820615768432617,.3095101714134216,.1906530559062958,.0295487176626921,.5297119617462158,.2472116649150848,.410053014755249,.0743207558989525,.7315854430198669,.1970264315605164,.395622193813324,.1614431738853455,.7540917992591858,PAN,High income,Latin America & Caribbean,NO,Member State,1,"Territory, region, or administrated by a state",Member State,,019,Americas,419,Latin America and the Caribbean,013,Central America,591,Latin America & Caribbean,2016-2018,2018
Papua New Guinea,.352358490228653,.1741219013929367,.0726852566003799,.599165678024292,.2065687775611877,.0089709740132093,.0017131981439888,.2172529399394989,.3218907713890076,.2166863828897476,.0669369474053383,.6055141091346741,.2734827995300293,.0779936164617538,.0228588469326496,.3743352591991425,PNG,Lower middle income,East Asia & Pacific,NO,Member State,1,"Territory, region, or administrated by a state",Member State,,009,Oceania,054,Melanesia,,,598,Oceania,2016-2018,2018
Paraguay,.3724767565727234,.0175274461507797,.1258945316076279,.5158987045288086,.3333346545696259,.1468756645917892,.0091395806521177,.489349901676178,.2865623235702515,.0073157483711839,.0813512876629829,.3752293586730957,.3160861134529114,.0177862346172333,.1170783638954163,.4509507417678833,PRY,Upper middle income,Latin America & Caribbean,NO,Member State,1,"Territory, region, or administrated by a state",Member State,,019,Americas,419,Latin America and the Caribbean,005,South America,600,Latin America & Caribbean,2016-2018,2018
Peru,.3488832116127014,.2737844884395599,.1156030893325806,.7382707595825195,.4698014259338379,.0245938077569008,.0069525311701,.5013477802276611,.3497988283634186,.2419336438179016,.0728205218911171,.6645529866218567,.3371641635894775,.2845064401626587,.0650521665811539,.6867227554321289,PER,Upper middle income,Latin America & Caribbean,NO,Member State,1,"Territory, region, or administrated by a state",Member State,,019,Americas,419,Latin America and the Caribbean,005,South America,604,Latin America & Caribbean,2016-2018,2018
Philippines,.3000921308994293,.2846663296222687,.1311784386634827,.7159368991851807,.3585582375526428,.0502884984016418,.0097457300871611,.4185924530029297,.3016671240329742,.3464587032794952,.0883381813764572,.7364640235900879,.244720995426178,.2627922892570496,.1321748197078705,.6396880745887756,PHL,Lower middle income,East Asia & Pacific,NO,Member State,1,"Territory, region, or administrated by a state",Member State,,142,Asia,035,South-eastern Asia,,,608,South-eastern Asia,2016-2018,2018
Poland,.4365942776203156,.2190903127193451,.1561071574687958,.811791718006134,.2876958250999451,.2960292100906372,.0320249758660793,.6157500147819519,.4507705569267273,.194427102804184,.1042317226529121,.7494294047355652,.3268137872219086,.3302346765995026,.1297251880168915,.7867736220359802,POL,High income,Europe & Central Asia,NO,Member State,1,"Territory, region, or administrated by a state",Member State,,150,Europe,151,Eastern Europe,,,616,Northern America and Europe,2016-2018,2018
Portugal,.1918276101350784,.5894573926925659,.1406770646572113,.9219621419906616,.3111810684204102,.2745178937911987,.0367697477340698,.6224687099456787,.1640608012676239,.5950460433959961,.0927413105964661,.8518481850624084,.2205057889223099,.4797586798667908,.1364684402942657,.8367329239845276,PRT,High income,Europe & Central Asia,NO,Member State,1,"Territory, region, or administrated by a state",Member State,,150,Europe,039,Southern Europe,,,620,Northern America and Europe,2016-2018,2018
Republic of Korea,.1401355862617493,.5050409436225891,.1698433756828308,.8150199055671692,.196298211812973,.1580514907836914,.0273818876594305,.3817315995693207,.2115201950073242,.4231338500976563,.1534597277641296,.7881138324737549,.1461599618196487,.5197016000747681,.1223693490028381,.7882308959960938,KOR,High income,East Asia & Pacific,NO,Member State,1,"Territory, region, or administrated by a state",Member State,,142,Asia,030,Eastern Asia,,,410,Eastern Asia,2016-2018,2018
Republic of Moldova,.3689109086990356,.0744731798768044,.1875842213630676,.6309683322906494,.2810382544994354,.0620941966772079,.1021850928664207,.4453175365924835,.3641587495803833,.063235804438591,.1610858291387558,.5884803533554077,.3657974898815155,.1039204597473145,.1175965145230293,.5873144268989563,MDA,Upper middle income,Europe & Central Asia,NO,Member State,1,"Territory, region, or administrated by a state",Member State,,150,Europe,151,Eastern Europe,,,498,Northern America and Europe,2016-2018,2018
Romania,.3892493844032288,.1705582439899445,.1248580813407898,.6846657395362854,.2406803518533707,.2650299966335297,.0378742404282093,.5435845851898193,.3995742797851563,.1502572596073151,.0988109409809113,.6486424803733826,.4075167179107666,.1857461333274841,.1275132745504379,.7207760810852051,ROU,High income,Europe & Central Asia,NO,Member State,1,"Territory, region, or administrated by a state",Member State,,150,Europe,151,Eastern Europe,,,642,Northern America and Europe,2016-2018,2018
Russian Federation,.4703205525875092,.0865111723542213,.1258067488670349,.6826384663581848,.188259020447731,.3497899770736694,.0064553138799965,.5445043444633484,.4413560628890991,.0603895261883736,.1407948881387711,.642540454864502,.3943809866905212,.1374475955963135,.1399866491556168,.6718152761459351,RUS,Upper middle income,Europe & Central Asia,NO,Member State,1,"Territory, region, or administrated by a state",Member State,,150,Europe,151,Eastern Europe,,,643,Northern America and Europe,2016-2018,2018
Rwanda,.1505537629127502,.1418676972389221,.2264862060546875,.5189076662063599,.2683452963829041,.0177221950143576,.0012017288245261,.2872692048549652,.2092874795198441,.1292116940021515,.1948011666536331,.5333003401756287,.13904669880867,.2640995383262634,.156158059835434,.5593042969703674,RWA,Low income,Sub-Saharan Africa,NO,Member State,1,"Territory, region, or administrated by a state",Member State,,002,Africa,202,Sub-Saharan Africa,014,Eastern Africa,646,Sub-Saharan Africa,2016-2018,2018
Saint Kitts and Nevis,.085781030356884,.4146813750267029,.1434455960988998,.6439079642295837,.044263169169426,.3970901370048523,.12191241979599,.5632656812667847,.0665575042366982,.2034823149442673,.0512255318462849,.3212653696537018,.0989479050040245,.3244759738445282,.1357244104146957,.5591483116149902,KNA,High income,Latin America & Caribbean,NO,Member State,1,"Territory, region, or administrated by a state",Member State,,019,Americas,419,Latin America and the Caribbean,029,Caribbean,659,Latin America & Caribbean,2016-2018,2018
Saint Lucia,.071768194437027,.5938438177108765,.1539646685123444,.8195766806602478,.1725464910268784,.2429168373346329,.0913654789328575,.506828784942627,.0691244900226593,.6007762551307678,.1063185706734657,.7762193083763123,.0687311440706253,.5846016407012939,.1036021634936333,.7569349408149719,LCA,Upper middle income,Latin America & Caribbean,NO,Member State,1,"Territory, region, or administrated by a state",Member State,,019,Americas,419,Latin America and the Caribbean,029,Caribbean,662,Latin America & Caribbean,2016-2018,2018
Saint Vincent and the Grenadines,.0971098840236664,.3589204549789429,.1878098994493484,.6438401937484741,.2107082605361938,.0558875985443592,.0184816084802151,.2850774824619293,.0915215238928795,.3266638219356537,.1507513076066971,.5689366459846497,.0654037222266197,.4130641222000122,.2066313028335571,.685099184513092,VCT,Upper middle income,Latin America & Caribbean,NO,Member State,1,"Territory, region, or administrated by a state",Member State,,019,Americas,419,Latin America and the Caribbean,029,Caribbean,670,Latin America & Caribbean,2016-2018,2018
Sao Tome and Principe,.1320445239543915,.3216319978237152,.2253770530223846,.6790536046028137,.1508101373910904,.0663919895887375,.0355965159833431,.2527986466884613,.1529785394668579,.3539959788322449,.1456817388534546,.6526562571525574,.1242368817329407,.1876048594713211,.2123286724090576,.5241703987121582,STP,Lower middle income,Sub-Saharan Africa,NO,Member State,1,"Territory, region, or administrated by a state",Member State,,002,Africa,202,Sub-Saharan Africa,017,Middle Africa,678,Sub-Saharan Africa,2016-2018,2018
Saudi Arabia,.0612196251749992,.5665438175201416,.1699164360761642,.7976799011230469,.1631188988685608,.5028623342514038,.0679139420390129,.7338952422142029,.0812174826860428,.54189133644104,.1312717944383621,.7543805837631226,.0968560203909874,.5884145498275757,.1503204703330994,.8355910181999207,SAU,High income,Middle East & North Africa,NO,Member State,1,"Territory, region, or administrated by a state",Member State,,142,Asia,145,Western Asia,,,682,Northern Africa & Western Asia,2016-2018,2018
Senegal,.2206538766622543,.3549813032150269,.1610014587640762,.7366366386413574,.2598865032196045,.2090862691402435,.012326005846262,.4812987744808197,.2660952210426331,.2685155272483826,.1520180255174637,.6866288185119629,.2411887943744659,.2804940938949585,.1204095482826233,.6420924663543701,SEN,Lower middle income,Sub-Saharan Africa,NO,Member State,1,"Territory, region, or administrated by a state",Member State,,002,Africa,202,Sub-Saharan Africa,011,Western Africa,686,Sub-Saharan Africa,2016-2018,2018
Serbia,.4020868241786957,.0661380738019943,.1597012579441071,.6279261708259583,.3195478916168213,.1759330034255981,.0289166681468487,.5243975520133972,.4071856737136841,.0588758662343025,.1320476830005646,.598109245300293,.4082529842853546,.1373104155063629,.1480441093444824,.6936075091362,SRB,Upper middle income,Europe & Central Asia,NO,Member State,1,Member state,,,150,Europe,039,Southern Europe,,,688,Northern America and Europe,2016-2018,2018
Seychelles,.026930870488286,.1302210241556168,0,.1571519076824188,,,,,.0134075451642275,.131800577044487,0,.1452081352472305,.0444899909198284,.1269673705101013,0,.17145736515522,SYC,High income,Sub-Saharan Africa,NO,Member State,1,"Territory, region, or administrated by a state",Member State,,002,Africa,202,Sub-Saharan Africa,014,Eastern Africa,690,Sub-Saharan Africa,2016-2018,2018
Sierra Leone,.2716492712497711,.2122680842876434,.1314664483070374,.6153838038444519,.2380596548318863,.0547110848128796,.004510854370892,.2972815930843353,.3443879783153534,.1975949108600616,.1133426278829575,.6553254723548889,.3042815625667572,.1516233086585999,.1089146211743355,.5648195147514343,SLE,Low income,Sub-Saharan Africa,NO,Member State,1,"Territory, region, or administrated by a state",Member State,,002,Africa,202,Sub-Saharan Africa,011,Western Africa,694,Sub-Saharan Africa,2016-2018,2018
Slovakia,.3171108663082123,.2925908863544464,.18254055082798,.7922422885894775,.0901322364807129,.6766180396080017,.0525676943361759,.8193179965019226,.3161830008029938,.2286994606256485,.1625883728265762,.7074708342552185,.2436274290084839,.4095162749290466,.1606673896312714,.8138111233711243,SVK,High income,Europe & Central Asia,NO,Member State,1,"Territory, region, or administrated by a state",Member State,,150,Europe,151,Eastern Europe,,,703,Northern America and Europe,2016-2018,2018
Slovenia,.199903666973114,.6312756538391113,.0727416798472404,.9039209485054016,.1501956880092621,.6022698879241943,.0417223386466503,.7941879034042358,.2527904510498047,.5241656899452209,.0569244846701622,.833880603313446,.1656228601932526,.6613786816596985,.0833948031067848,.9103963375091553,SVN,High income,Europe & Central Asia,NO,Member State,1,"Territory, region, or administrated by a state",Member State,,150,Europe,039,Southern Europe,,,705,Northern America and Europe,2016-2018,2018
Solomon Islands,.3054009675979614,.1798109710216522,.110380083322525,.5955920219421387,.089337632060051,.0855900272727013,.035317987203598,.2102456390857697,.310346782207489,.2127036899328232,.0759663581848145,.5990168452262878,.3133666813373566,.0693075358867645,.0656167194247246,.4482909440994263,SLB,Lower middle income,East Asia & Pacific,NO,Member State,1,"Territory, region, or administrated by a state",Member State,,009,Oceania,054,Melanesia,,,090,Oceania,2016-2018,2018
South Africa,.3715339601039886,.2809043526649475,.0828022807836533,.7352405786514282,.4807524681091309,.0700904577970505,.0120197981595993,.5628626942634583,.3835461735725403,.2161727547645569,.0586878582835197,.6584067344665527,.3595520257949829,.3293743431568146,.0705756917595863,.7595020532608032,ZAF,Upper middle income,Sub-Saharan Africa,NO,Member State,1,"Territory, region, or administrated by a state",Member State,,002,Africa,202,Sub-Saharan Africa,018,Southern Africa,710,Sub-Saharan Africa,2016-2018,2018
Spain,.2975644469261169,.4427050352096558,.1537370681762695,.8940065503120422,.4114927053451538,.1418391764163971,.0439614951610565,.5972933769226074,.329589456319809,.3781681656837463,.1354987323284149,.8432563543319702,.2909481227397919,.4492608308792114,.0909424871206284,.8311514258384705,ESP,High income,Europe & Central Asia,NO,Member State,1,"Territory, region, or administrated by a state",Member State,,150,Europe,039,Southern Europe,,,724,Northern America and Europe,2016-2018,2018
Sri Lanka,.17637899518013,.2774674296379089,.1934904456138611,.6473369002342224,.3044010996818542,.1190605461597443,.0070544872432947,.4305161237716675,.2287234663963318,.2798298895359039,.1445256471633911,.6530789732933044,.216437041759491,.2337567806243896,.1242091283202171,.574402928352356,LKA,Lower middle income,South Asia,NO,Member State,1,"Territory, region, or administrated by a state",Member State,,142,Asia,034,Southern Asia,,,144,Southern Asia,2016-2018,2018
Suriname,.1547518670558929,.3032968044281006,.1782556772232056,.6363043785095215,.2941398024559021,.1576101183891296,.0353851579129696,.4871350824832916,.2155026495456696,.2738037705421448,.1299543082714081,.6192607879638672,.1053553223609924,.4847890138626099,.143162414431572,.7333067655563354,SUR,Upper middle income,Latin America & Caribbean,NO,Member State,1,"Territory, region, or administrated by a state",Member State,,019,Americas,419,Latin America and the Caribbean,005,South America,740,Latin America & Caribbean,2016-2018,2018
Sweden,.3020684719085693,.4799622297286987,.1015213280916214,.883552074432373,.0545263811945915,.7132260799407959,.0494387038052082,.8171911835670471,.3548492789268494,.3620707392692566,.0742748007178307,.7911947965621948,.1591745913028717,.5731402635574341,.0844385176897049,.8167533278465271,SWE,High income,Europe & Central Asia,NO,Member State,1,"Territory, region, or administrated by a state",Member State,,150,Europe,154,Northern Europe,,,752,Northern America and Europe,2016-2018,2018
Switzerland,.2670579850673676,.5326294302940369,.1155910342931747,.915278434753418,.1386709362268448,.541469395160675,.0352675803005695,.7154079079627991,.2936941087245941,.4222003817558289,.0667522922158241,.7826468348503113,.2434715181589127,.4796095490455627,.0939489305019379,.8170299530029297,CHE,High income,Europe & Central Asia,NO,Member State,1,"Territory, region, or administrated by a state",Member State,,150,Europe,155,Western Europe,,,756,Northern America and Europe,2016-2018,2018
Taiwan,.1525661647319794,.4807351231575012,.130366712808609,.7636680006980896,.2614265084266663,.1764034628868103,.0765900686383247,.5144200325012207,.1247923374176025,.4277068078517914,.0996313169598579,.6521304845809937,.1827305257320404,.4203495979309082,.0842004790902138,.6872805953025818,TWN,High income,East Asia & Pacific,NO,CN Province,0,"Territory, region, or administrated by a state",CN Province,CHN,142,Asia,030,Eastern Asia,,,158,Eastern Asia,2016-2018,2018
Thailand,.3722234070301056,.1305517256259918,.1600303947925568,.6628055572509766,.3616015017032623,.106717012822628,.0252299625426531,.4935484826564789,.3090382218360901,.2790140509605408,.1023622453212738,.6904144883155823,.340293824672699,.1695501506328583,.1274843215942383,.6373282670974731,THA,Upper middle income,East Asia & Pacific,NO,Member State,1,"Territory, region, or administrated by a state",Member State,,142,Asia,035,South-eastern Asia,,,764,South-eastern Asia,2016-2018,2018
Togo,.2588492929935455,.2786264419555664,.1378923505544662,.675368070602417,.1979051381349564,.149868369102478,.0267394352704287,.3745129704475403,.3280168771743774,.2077475935220718,.0942377001047134,.6300021409988403,.2086684554815292,.2938007116317749,.1191494986414909,.6216186285018921,TGO,Low income,Sub-Saharan Africa,NO,Member State,1,"Territory, region, or administrated by a state",Member State,,002,Africa,202,Sub-Saharan Africa,011,Western Africa,768,Sub-Saharan Africa,2016-2018,2018
Trinidad and Tobago,.0541171953082085,.6164190173149109,.1429611295461655,.8134973645210266,.1781759858131409,.3934721946716309,.0788484811782837,.6504966616630554,.0576199442148209,.5625995397567749,.1345912218093872,.7548107504844666,.0581757873296738,.6007033586502075,.1233115866780281,.7821907997131348,TTO,High income,Latin America & Caribbean,NO,Member State,1,"Territory, region, or administrated by a state",Member State,,019,Americas,419,Latin America and the Caribbean,029,Caribbean,780,Latin America & Caribbean,2016-2018,2018
Tunisia,.1819324493408203,.4014242887496948,.1696544289588928,.753011167049408,.3255660533905029,.0250359494239092,.0660133212804794,.4166153371334076,.1597969233989716,.3846182525157928,.1168867275118828,.6613019108772278,.2273382246494293,.3286265134811401,.1760592758655548,.7320240139961243,TUN,Lower middle income,Middle East & North Africa,NO,Member State,1,"Territory, region, or administrated by a state",Member State,,002,Africa,015,Northern Africa,,,788,Northern Africa & Western Asia,2016-2018,2018
TÃ¼rkiye,.3646159470081329,.2165478765964508,.1693312376737595,.7504950761795044,.4135590195655823,.017653550952673,.0029616120737046,.4341741800308228,.3547893762588501,.1729140430688858,.1541334837675095,.6818369030952454,.3590044975280762,.2929042875766754,.1323888450860977,.7842975854873657,TUR,Upper middle income,Europe & Central Asia,NO,Member State,1,"Territory, region, or administrated by a state",Member State,,142,Asia,145,Western Asia,,,792,Northern Africa & Western Asia,2016-2018,2018
Uganda,.4424124658107758,.1704964637756348,.1012579873204231,.7141669392585754,.2189930379390717,.0174566190689802,.0017618887359276,.2382115423679352,.4878977239131927,.0958864539861679,.0841767638921738,.6679609417915344,.3301779329776764,.2013236880302429,.088256411254406,.6197580099105835,UGA,Low income,Sub-Saharan Africa,NO,Member State,1,"Territory, region, or administrated by a state",Member State,,002,Africa,202,Sub-Saharan Africa,014,Eastern Africa,800,Sub-Saharan Africa,2016-2018,2018
Ukraine,.4689110815525055,.0261780358850956,.106745533645153,.6018346548080444,.2649477124214172,.0865054726600647,.0403127856552601,.3917659521102905,.4558702707290649,.0210202448070049,.1065691784024239,.5834596753120422,.3312655091285706,.0408892147243023,.0995270758867264,.4716818034648895,UKR,Lower middle income,Europe & Central Asia,NO,Member State,1,"Territory, region, or administrated by a state",Member State,,150,Europe,151,Eastern Europe,,,804,Northern America and Europe,2016-2018,2018
United Arab Emirates,.0524270795285702,.6990708112716675,.1192407682538033,.8707387447357178,.0693147480487823,.7094823122024536,.0669790953397751,.8457762002944946,.0332350321114063,.7511838674545288,.0864077657461166,.8708266615867615,.0887693390250206,.5894190073013306,.1298541724681854,.808042585849762,ARE,High income,Middle East & North Africa,NO,Member State,1,"Territory, region, or administrated by a state",Member State,,142,Asia,145,Western Asia,,,784,Northern Africa & Western Asia,2016-2018,2018
United Kingdom of Great Britain and Northern Ireland,.3096785843372345,.4600643217563629,.1135831624269485,.8833261132240295,.0702102854847908,.6904036402702332,.0717064663767815,.8323203921318054,.3402642607688904,.3487856090068817,.0969641804695129,.7860140204429626,.2856165766716003,.5209806561470032,.0776090696454048,.8842063546180725,GBR,High income,Europe & Central Asia,NO,Member State,1,"Territory, region, or administrated by a state",Member State,,150,Europe,154,Northern Europe,,,826,Northern America and Europe,2016-2018,2018
United Republic of Tanzania,.2564835548400879,.0618792027235031,.3364951312541962,.654857873916626,.3209137618541718,.0062022646889091,.0244506280869246,.3515666723251343,.2697764039039612,.0244350619614124,.3223437368869781,.6165552139282227,.2074422389268875,.0923994481563568,.3168260157108307,.6166676878929138,TZA,Lower middle income,Sub-Saharan Africa,NO,Member State,1,"Territory, region, or administrated by a state",Member State,,002,Africa,202,Sub-Saharan Africa,014,Eastern Africa,834,Sub-Saharan Africa,2016-2018,2018
United States of America,.387719452381134,.0958845987915993,.1369536966085434,.6205577850341797,.263346254825592,.3530844748020172,.0687436908483505,.6851743459701538,.4082057476043701,.0754817649722099,.1523341834545135,.6360216736793518,.4397938251495361,.1576641499996185,.1199634224176407,.7174214124679565,USA,High income,North America,NO,Member State,1,"Territory, region, or administrated by a state",Member State,,019,Americas,021,Northern America,,,840,Northern America and Europe,2016-2018,2018
Uruguay,.2895520031452179,.1168859452009201,.1879233419895172,.5943613052368164,.3353271484375,.179014578461647,.0273019000887871,.5416436195373535,.2763738036155701,.0685731917619705,.175615981221199,.520563006401062,.2003732919692993,.104789637029171,.1736626476049423,.478825569152832,URY,High income,Latin America & Caribbean,NO,Member State,1,"Territory, region, or administrated by a state",Member State,,019,Americas,419,Latin America and the Caribbean,005,South America,858,Latin America & Caribbean,2016-2018,2018
Vanuatu,.2165832817554474,.1789596229791641,.0855445936322212,.4810875058174133,.1682907342910767,.0834678411483765,.0522140301764011,.303972601890564,.2962369322776794,.2180321365594864,.0401998087763786,.5544688701629639,.2051823288202286,.0735406652092934,.1014901623129845,.3802131712436676,VUT,Lower middle income,East Asia & Pacific,NO,Member State,1,"Territory, region, or administrated by a state",Member State,,009,Oceania,054,Melanesia,,,548,Oceania,2016-2018,2018
"Venezuela, Bolivarian Republic of",.2311030626296997,.3587220907211304,.1665657013654709,.7563908100128174,.3833106160163879,.0161682218313217,.0009375878726132,.4004164636135101,.2458553612232208,.345460057258606,.1122809648513794,.7035963535308838,.2599440515041351,.3027259707450867,.1158862933516502,.6785563230514526,VEN,,Latin America & Caribbean,NO,Member State,1,"Territory, region, or administrated by a state",Member State,,019,Americas,419,Latin America and the Caribbean,005,South America,862,Latin America & Caribbean,2016-2018,2018
Yemen,.081208199262619,.5089262127876282,.097652979195118,.6877873539924622,.2637656927108765,.1410840153694153,.040743812918663,.4455934762954712,.1517663598060608,.4490197896957397,.0691921412944794,.6699783205986023,.1307203471660614,.4598913192749023,.1020352765917778,.6926469206809998,YEM,Low income,Middle East & North Africa,NO,Member State,1,"Territory, region, or administrated by a state",Member State,,142,Asia,145,Western Asia,,,887,Northern Africa & Western Asia,2016-2018,2018
Zambia,.3009345531463623,.0656593069434166,.1993988454341888,.5659927129745483,.1925488412380219,.1073464900255203,.0206461623311043,.3205415010452271,.2827838063240051,.0428069420158863,.1748679578304291,.5004587173461914,.2450337260961533,.1238634809851646,.2504620552062988,.6193591952323914,ZMB,Low income,Sub-Saharan Africa,NO,Member State,1,"Territory, region, or administrated by a state",Member State,,002,Africa,202,Sub-Saharan Africa,014,Eastern Africa,894,Sub-Saharan Africa,2016-2018,2018
Zimbabwe,.2187253087759018,.3865125179290771,.0811024084687233,.6863402128219604,.3145287036895752,.0668654590845108,.0144168846309185,.3958110213279724,.2474519014358521,.3817803263664246,.0447272285819054,.6739594340324402,.200230598449707,.2716938257217407,.1462189853191376,.6181434392929077,ZWE,Lower middle income,Sub-Saharan Africa,NO,Member State,1,"Territory, region, or administrated by a state",Member State,,002,Africa,202,Sub-Saharan Africa,014,Eastern Africa,716,Sub-Saharan Africa,2016-2018,2018
